date,active_buses,fuel_consumed_liters,passenger_count
2025-09-01,57,4911.58,12223
2025-09-02,64,5343.0,13532
2025-09-03,45,4190.72,14303
2025-09-04,52,4015.65,13646
2025-09-05,58,4921.45,11151
2025-09-06,60,4513.62,10100
2025-09-07,58,4893.65,11333
2025-09-08,56,4263.06,12563
2025-09-09,63,4874.71,13601
2025-09-10,59,4563.68,14473
2025-09-11,46,4047.27,12970
2025-09-12,46,4136.36,11264
2025-09-13,63,5460.04,10532
2025-09-14,61,5748.85,9979
2025-09-15,64,5279.83,11659
2025-09-16,54,4358.57,13777
2025-09-17,50,4618.6,13991
2025-09-18,59,4688.84,13537
2025-09-19,55,5184.54,11283
2025-09-20,49,3686.91,10005
2025-09-21,45,4247.89,11717
2025-09-22,52,3944.89,12551
2025-09-23,56,5198.08,14278
2025-09-24,56,4791.03,14024
2025-09-25,49,4648.11,13369
2025-09-26,51,3900.27,11959
2025-09-27,48,4131.7,10340
2025-09-28,50,4719.3,11445
2025-09-29,57,4871.33,12600
2025-09-30,64,5605.63,14334
2025-10-01,59,5245.98,14612
2025-10-02,47,3952.27,14665
2025-10-03,52,4552.66,12121
2025-10-04,64,5547.92,10600
2025-10-05,60,5581.39,11863
2025-10-06,57,4326.81,12539
2025-10-07,62,4998.39,14777
2025-10-08,54,5076.44,14218
2025-10-09,63,5846.73,13451
2025-10-10,61,5130.9,12433
2025-10-11,63,5506.37,11626
2025-10-12,49,3946.83,11788
2025-10-13,53,4174.41,13254
2025-10-14,56,4719.34,14765
2025-10-15,45,3693.02,14652
2025-10-16,45,3900.29,13943
2025-10-17,59,4516.73,12355
2025-10-18,46,4346.44,11987
2025-10-19,60,5683.45,12083
2025-10-20,52,4626.09,12730
2025-10-21,57,4886.15,15264
2025-10-22,45,3653.57,15362
2025-10-23,60,5476.55,14180
2025-10-24,51,4523.43,13055
2025-10-25,49,3834.36,12193
2025-10-26,47,4381.27,12565
2025-10-27,56,5121.24,13363
2025-10-28,60,5639.76,15197
2025-10-29,63,5639.41,15902
2025-10-30,49,4276.15,15141
2025-10-31,58,4835.16,12782
2025-11-01,49,4589.07,11863
2025-11-02,59,5446.96,11866
2025-11-03,61,4630.17,13421
2025-11-04,58,4380.59,15919
2025-11-05,64,5281.87,16581
2025-11-06,49,4469.34,14887
2025-11-07,56,5305.75,13667
2025-11-08,60,4680.5,12327
2025-11-09,60,5212.96,12291
2025-11-10,51,4213.51,14339
2025-11-11,48,4531.12,16463
2025-11-12,45,4132.91,16172
2025-11-13,49,4496.56,15842
2025-11-14,54,4556.19,12254
2025-11-15,49,4081.52,12752
2025-11-16,48,3862.47,12839
2025-11-17,46,3501.87,14260
2025-11-18,64,5906.84,16030
2025-11-19,54,4927.93,15512
2025-11-20,63,5984.64,15256
2025-11-21,45,4271.97,13812
2025-11-22,49,4219.32,13265
2025-11-23,57,5151.65,12784
2025-11-24,48,4506.98,14248
2025-11-25,60,5519.58,15981
2025-11-26,60,4796.82,17036
2025-11-27,46,3864.5,15721
2025-11-28,61,4732.57,13630
2025-11-29,64,6021.19,13049
2025-11-30,56,4878.92,13279
2025-12-01,62,4933.52,15266
2025-12-02,47,4156.4,16108
2025-12-03,45,3931.32,16694
2025-12-04,45,3697.35,15614
2025-12-05,63,4868.08,13428
2025-12-06,55,4863.73,13169
2025-12-07,49,4184.9,13570
2025-12-08,56,5065.0,15050
2025-12-09,47,4013.95,16537
2025-12-10,45,4141.96,16422
2025-12-11,45,3871.72,15819
2025-12-12,52,4483.38,14150
2025-12-13,54,4996.79,12892
2025-12-14,55,4568.83,13598
2025-12-15,56,4350.1,15447
2025-12-16,57,4307.81,17709
2025-12-17,56,5045.75,17356
2025-12-18,58,5069.56,16342
2025-12-19,46,4097.75,14488
2025-12-20,63,4993.33,12607
2025-12-21,62,4819.1,13876
2025-12-22,47,3538.67,15510
2025-12-23,61,5002.72,18186
2025-12-24,52,4513.51,17408
2025-12-25,54,4473.62,16580
2025-12-26,46,3852.48,14724
2025-12-27,63,5864.24,13162
2025-12-28,53,4344.15,14620
2025-12-29,51,4349.27,16039
2025-12-30,48,4352.31,17651
2025-12-31,62,5141.71,17303
2026-01-01,57,4984.18,17293
2026-01-02,55,5073.6,14326
2026-01-03,48,4511.54,14170
2026-01-04,48,3741.19,15309
2026-01-05,54,5050.71,15472
2026-01-06,49,4157.27,17258
2026-01-07,53,4248.74,17975
2026-01-08,47,3956.59,16653
2026-01-09,61,5770.64,14477
2026-01-10,47,3988.06,14155
2026-01-11,60,4894.5,14063
2026-01-12,48,4208.06,16349
2026-01-13,62,4947.78,17317
2026-01-14,61,4667.55,18845
2026-01-15,51,3956.46,16744
2026-01-16,49,3800.48,15248
2026-01-17,56,4370.13,14708
2026-01-18,61,4744.37,14205
2026-01-19,57,5005.6,16456
2026-01-20,47,3695.97,18537
2026-01-21,53,4341.41,17642
2026-01-22,61,5669.08,17398
2026-01-23,61,5153.23,15727
2026-01-24,64,5654.47,14911
2026-01-25,60,4706.78,14420
2026-01-26,57,4494.21,15977
2026-01-27,63,4776.49,18401
2026-01-28,61,4781.1,18717
2026-01-29,48,3867.45,17645
2026-01-30,56,4398.25,15984
2026-01-31,53,4069.02,14471
2026-02-01,63,4877.0,15299
2026-02-02,56,4716.07,16921
2026-02-03,53,4193.71,18062
2026-02-04,51,4196.56,19641
2026-02-05,58,4933.96,17963
2026-02-06,64,5683.71,15510
2026-02-07,63,4774.53,15290
2026-02-08,59,5368.3,14973
2026-02-09,60,5253.48,17361
2026-02-10,49,3755.12,19123
2026-02-11,47,4346.16,18649
2026-02-12,56,5231.38,18401
2026-02-13,64,4878.18,16449
2026-02-14,48,3865.8,15582
2026-02-15,60,5467.44,16483
2026-02-16,51,4588.22,17114
2026-02-17,57,4485.35,18480
2026-02-18,54,4276.1,18836
2026-02-19,51,4202.88,17818
2026-02-20,58,4912.05,16446
2026-02-21,49,4280.89,15584
2026-02-22,47,3871.78,15972
2026-02-23,55,4633.79,17814
2026-02-24,55,4947.22,19043
2026-02-25,62,4695.49,20108
2026-02-26,59,4722.88,18284
2026-02-27,56,4998.95,17923
2026-02-28,53,4923.92,15929
2026-03-01,54,4602.61,15679
2026-03-02,56,4795.97,17178
2026-03-03,61,4705.75,19472
2026-03-04,50,4197.41,19571
2026-03-05,51,4368.27,18942
2026-03-06,58,4631.27,17129
2026-03-07,57,4581.94,15833
2026-03-08,52,4292.38,15902
2026-03-09,54,4071.68,17196
2026-03-10,53,4316.4,19271
2026-03-11,62,4912.2,20275
2026-03-12,46,3751.3,18935
2026-03-13,49,3792.37,16574
2026-03-14,49,4547.72,16161
2026-03-15,50,4343.59,16674
2026-03-16,63,5580.67,17697
2026-03-17,52,4720.74,19759
2026-03-18,60,5098.13,20133
2026-03-19,57,4374.09,18542
2026-03-20,45,3858.4,17513
2026-03-21,64,5551.16,16553
2026-03-22,61,5484.44,17206
2026-03-23,51,4265.29,18787
2026-03-24,57,4420.44,19288
2026-03-25,48,3872.42,19903
2026-03-26,48,3948.56,19506
2026-03-27,50,4395.92,17801
2026-03-28,63,5444.18,16750
2026-03-29,56,4598.83,18670
