hotel_name,booking_status,room_type,total_guests,amenities,total_nights,price_per_night,total_amount,payment_method,check_in_date,check_out_date,rating
Grand Hyatt Manila,confirmed,single,7,gym,3,4911.89,29258.63,cash,1/27/2025,1/13/2025,1
Okada Manila,pending,single,6,pool,4,1609.34,5321.04,cash,1/7/2025,1/14/2025,2
Grand Hyatt Manila,confirmed,double,9,spa,2,3660.43,20394.83,online transfer,1/3/2025,1/30/2025,4
Okada Manila,pending,suite,9,spa,6,2918.75,19216.22,credit card,2/17/2025,2/1/2025,4
Grand Hyatt Manila,pending,single,8,pool,5,2303.46,3719.9,credit card,1/10/2025,2/12/2025,3
Grand Hyatt Manila,cancelled,suite,3,spa,2,2547.12,12175.39,cash,1/1/2025,2/17/2025,1
The Manila Hotel,pending,single,3,pool,6,2875.07,11993.43,credit card,2/8/2025,2/16/2025,1
Grand Hyatt Manila,pending,double,5,spa,4,1829.64,15687.63,credit card,1/14/2025,1/27/2025,3
Grand Hyatt Manila,cancelled,single,4,spa,6,4592.98,15588.96,cash,1/17/2025,1/30/2025,1
Okada Manila,cancelled,double,8,pool,5,1579.95,22636.18,cash,2/17/2025,1/8/2025,4
The Manila Hotel,cancelled,single,10,spa,1,4112.41,7838.16,credit card,1/8/2025,2/16/2025,1
The Manila Hotel,pending,suite,1,spa,8,4104.38,3784.47,online transfer,1/4/2025,1/26/2025,5
Grand Hyatt Manila,cancelled,single,2,spa,3,3480.68,29069.34,credit card,1/18/2025,1/29/2025,5
Grand Hyatt Manila,pending,suite,7,spa,4,4889.59,20466.7,credit card,1/9/2025,1/11/2025,1
The Manila Hotel,confirmed,suite,3,spa,9,2955.81,22418.69,credit card,1/27/2025,1/1/2025,3
The Manila Hotel,cancelled,suite,10,gym,2,3690.93,6633.02,online transfer,2/18/2025,1/12/2025,3
The Manila Hotel,cancelled,single,1,gym,2,3054.42,13286.36,online transfer,1/20/2025,2/16/2025,3
The Peninsula Manila,confirmed,single,6,gym,10,2420.22,6650.49,online transfer,1/17/2025,1/5/2025,4
Okada Manila,pending,suite,2,gym,4,4809.15,5173.22,credit card,1/21/2025,2/6/2025,1
The Peninsula Manila,pending,double,10,spa,8,3535.77,9200.96,online transfer,1/17/2025,2/5/2025,2
The Manila Hotel,cancelled,single,2,spa,5,3196.36,23664.42,online transfer,2/2/2025,1/8/2025,1
The Peninsula Manila,cancelled,single,2,pool,7,3007.82,28806.68,credit card,1/31/2025,2/10/2025,1
The Manila Hotel,cancelled,suite,4,gym,10,3749.87,19486.33,cash,1/11/2025,1/2/2025,5
The Peninsula Manila,cancelled,single,8,spa,4,4642.98,3151.9,online transfer,1/21/2025,2/9/2025,4
The Manila Hotel,confirmed,suite,6,spa,10,1886.67,26585.29,online transfer,2/4/2025,1/2/2025,1
The Peninsula Manila,pending,single,8,spa,9,3502.4,27494.83,cash,2/16/2025,1/10/2025,1
The Manila Hotel,cancelled,suite,5,pool,8,2041.88,25700.44,cash,2/7/2025,1/24/2025,5
The Manila Hotel,confirmed,single,10,pool,10,2534.2,9211.86,cash,2/5/2025,1/17/2025,2
The Peninsula Manila,cancelled,double,6,gym,8,3523.91,9853.99,cash,1/15/2025,2/7/2025,2
The Peninsula Manila,pending,suite,8,spa,2,2550.71,17904.55,online transfer,1/28/2025,1/28/2025,4
Grand Hyatt Manila,confirmed,suite,10,spa,5,3417.14,24409.29,cash,2/12/2025,2/10/2025,5
The Manila Hotel,pending,suite,8,pool,4,1528.48,3459.35,cash,2/14/2025,2/13/2025,2
Grand Hyatt Manila,confirmed,suite,8,pool,3,3732.84,23835.17,credit card,2/17/2025,2/6/2025,3
Okada Manila,cancelled,suite,5,pool,9,3168.78,4016.17,online transfer,1/7/2025,1/10/2025,2
The Peninsula Manila,pending,single,8,gym,3,3940.93,21012.79,online transfer,2/9/2025,2/11/2025,2
Grand Hyatt Manila,confirmed,single,8,pool,6,3526.54,12311.71,online transfer,1/27/2025,1/27/2025,4
Okada Manila,pending,double,9,gym,10,3031.66,24988.84,credit card,2/13/2025,2/5/2025,3
Okada Manila,pending,single,2,pool,7,3023.5,26055.52,cash,1/29/2025,2/9/2025,1
Grand Hyatt Manila,confirmed,double,10,pool,10,2070.99,15652.28,online transfer,1/1/2025,2/14/2025,2
Grand Hyatt Manila,pending,single,5,pool,2,2796.83,1518.55,credit card,1/5/2025,1/14/2025,5
Okada Manila,cancelled,suite,7,spa,9,3317.61,28340.09,credit card,2/1/2025,1/28/2025,3
The Peninsula Manila,pending,double,2,gym,1,1590.29,28087.45,cash,1/10/2025,2/2/2025,3
The Peninsula Manila,cancelled,suite,5,gym,6,2076.47,29801.47,cash,1/5/2025,1/22/2025,2
Okada Manila,cancelled,suite,5,spa,3,3212.68,19565.66,cash,1/18/2025,2/19/2025,5
The Peninsula Manila,cancelled,double,7,spa,8,2289.93,18066.28,credit card,2/13/2025,2/19/2025,1
Grand Hyatt Manila,cancelled,suite,2,gym,1,2130.96,15106.72,credit card,2/15/2025,1/19/2025,4
Okada Manila,cancelled,double,7,gym,1,2118.93,18442.71,credit card,2/19/2025,1/4/2025,3
The Peninsula Manila,confirmed,single,10,pool,2,4953.56,24688.28,cash,1/8/2025,2/10/2025,5
The Peninsula Manila,cancelled,suite,6,pool,10,2214.46,22059.11,online transfer,2/14/2025,2/13/2025,4
The Peninsula Manila,cancelled,single,6,pool,1,3092.38,14873.6,cash,2/7/2025,1/23/2025,1
Grand Hyatt Manila,pending,single,8,pool,4,3720.59,19632.88,cash,1/31/2025,1/25/2025,5
Grand Hyatt Manila,confirmed,double,1,gym,7,1631.17,8246.84,credit card,1/2/2025,2/17/2025,4
Grand Hyatt Manila,confirmed,double,8,pool,7,1537.2,11832.23,cash,2/7/2025,2/15/2025,2
Okada Manila,cancelled,double,6,gym,9,2537.19,6900.92,credit card,1/12/2025,2/8/2025,3
The Manila Hotel,pending,single,5,gym,7,2585.13,20008.64,online transfer,1/11/2025,1/10/2025,4
The Manila Hotel,cancelled,double,1,pool,4,2395.23,15227.36,credit card,2/17/2025,1/14/2025,2
The Manila Hotel,pending,single,6,gym,3,2656.92,21778.8,credit card,2/9/2025,1/27/2025,3
Grand Hyatt Manila,pending,suite,2,gym,6,4372.96,3198.86,online transfer,2/12/2025,2/13/2025,4
The Peninsula Manila,pending,single,6,pool,3,3409.81,20805.55,credit card,1/20/2025,1/3/2025,5
Okada Manila,confirmed,double,6,gym,2,3561.36,17332.24,online transfer,2/4/2025,2/17/2025,4
The Manila Hotel,pending,suite,7,pool,1,2400.95,13652.15,cash,1/23/2025,1/18/2025,4
The Peninsula Manila,cancelled,double,10,spa,10,2134.33,18573.45,credit card,2/18/2025,1/30/2025,3
The Peninsula Manila,cancelled,single,10,pool,4,3326.91,5633.37,credit card,1/11/2025,2/12/2025,4
Grand Hyatt Manila,pending,suite,5,gym,10,1582.23,29213.39,online transfer,1/12/2025,2/4/2025,3
The Peninsula Manila,cancelled,single,1,pool,9,2444.09,10643.98,credit card,1/6/2025,1/12/2025,4
Grand Hyatt Manila,cancelled,double,3,spa,5,1890.08,25163.3,cash,2/11/2025,1/7/2025,3
The Peninsula Manila,confirmed,suite,2,gym,6,4287.64,29596.43,online transfer,1/28/2025,2/4/2025,2
The Manila Hotel,pending,double,7,pool,9,4451.02,20556.55,online transfer,1/23/2025,1/2/2025,2
The Peninsula Manila,pending,single,7,spa,2,2462.75,3034.67,cash,1/24/2025,1/24/2025,2
Grand Hyatt Manila,confirmed,single,8,pool,4,4955.35,5036.92,online transfer,1/9/2025,1/25/2025,5
Grand Hyatt Manila,pending,double,1,gym,6,3283.06,8277.72,cash,1/10/2025,2/14/2025,5
Okada Manila,confirmed,double,7,pool,7,4912.25,7302.01,online transfer,1/20/2025,1/6/2025,4
The Peninsula Manila,confirmed,single,7,gym,1,4171.58,21875.26,credit card,1/14/2025,1/16/2025,3
The Peninsula Manila,confirmed,suite,9,pool,7,1502.32,15791.31,cash,2/10/2025,1/5/2025,4
The Manila Hotel,confirmed,suite,7,pool,2,4836.03,11308.97,credit card,1/15/2025,2/2/2025,3
The Manila Hotel,confirmed,double,10,spa,10,4932.46,9778.4,credit card,1/16/2025,1/3/2025,4
The Manila Hotel,cancelled,single,2,gym,3,3688.5,21188.53,credit card,1/23/2025,1/5/2025,5
The Manila Hotel,cancelled,suite,8,pool,9,4094.61,22897.64,online transfer,1/17/2025,1/30/2025,1
Grand Hyatt Manila,pending,double,4,pool,4,3052.14,10820.72,cash,2/4/2025,2/13/2025,4
Okada Manila,cancelled,single,6,spa,6,3780.01,25336.07,credit card,1/3/2025,1/3/2025,4
Okada Manila,confirmed,double,8,pool,7,1875.23,21323.67,cash,2/15/2025,1/20/2025,4
The Peninsula Manila,pending,double,3,spa,7,4487.6,17623.29,cash,1/21/2025,2/6/2025,1
Okada Manila,confirmed,single,6,spa,5,4238.13,17178.25,cash,1/13/2025,2/16/2025,3
The Peninsula Manila,confirmed,single,7,pool,5,3892.55,28054.04,credit card,2/1/2025,1/31/2025,1
The Manila Hotel,cancelled,single,4,spa,7,4763.81,15276.11,cash,1/14/2025,1/1/2025,1
Grand Hyatt Manila,pending,single,6,spa,1,2503.34,11833.71,credit card,1/4/2025,1/24/2025,1
Okada Manila,confirmed,double,1,pool,7,1645.5,28730.79,cash,1/12/2025,1/21/2025,1
Okada Manila,pending,single,6,pool,4,4316.36,10373.18,credit card,1/15/2025,2/18/2025,4
Grand Hyatt Manila,pending,single,7,spa,4,2701.41,10441.64,online transfer,2/11/2025,2/1/2025,1
The Manila Hotel,confirmed,single,4,pool,7,4787.57,13563.02,cash,1/29/2025,1/9/2025,4
The Manila Hotel,confirmed,double,2,gym,7,3938.31,15480.41,cash,1/31/2025,2/12/2025,5
The Manila Hotel,confirmed,suite,2,pool,10,4398.66,3706.43,cash,1/16/2025,2/13/2025,1
Okada Manila,pending,suite,3,gym,9,2790.2,18715.22,online transfer,1/16/2025,1/10/2025,2
The Manila Hotel,cancelled,double,2,pool,6,4338.23,17796.95,online transfer,1/14/2025,2/17/2025,3
Grand Hyatt Manila,pending,single,3,pool,3,3624.37,21507.46,credit card,1/28/2025,2/4/2025,2
The Peninsula Manila,confirmed,suite,8,gym,10,4482.89,23125.9,online transfer,1/23/2025,1/22/2025,2
The Peninsula Manila,confirmed,double,9,spa,6,2484.42,15156.9,credit card,2/3/2025,1/29/2025,1
Okada Manila,cancelled,single,1,spa,3,2873.58,16927.4,credit card,1/14/2025,1/27/2025,4
The Manila Hotel,cancelled,suite,5,gym,3,3629.9,2052.41,online transfer,1/4/2025,1/31/2025,2
Grand Hyatt Manila,confirmed,suite,9,gym,6,2577.41,4352.14,cash,1/20/2025,1/29/2025,2
The Manila Hotel,cancelled,double,9,spa,5,4836.4,14166.22,credit card,2/9/2025,1/11/2025,5
Okada Manila,confirmed,suite,6,spa,2,3605.84,15837.08,cash,1/11/2025,1/2/2025,5
The Manila Hotel,cancelled,single,1,gym,7,2358.04,24617.51,cash,1/3/2025,1/15/2025,5
The Manila Hotel,pending,single,6,gym,8,2783.69,14263.09,online transfer,2/14/2025,2/14/2025,5
Okada Manila,confirmed,double,7,pool,10,3773.55,20985.86,online transfer,2/4/2025,2/18/2025,2
The Peninsula Manila,cancelled,single,3,gym,1,1585.87,24947.98,credit card,1/10/2025,1/26/2025,2
Okada Manila,cancelled,single,8,gym,6,2123.93,19211.45,online transfer,2/19/2025,1/5/2025,1
The Manila Hotel,cancelled,suite,7,spa,6,4622.89,20758.23,credit card,1/7/2025,1/1/2025,1
Okada Manila,cancelled,single,9,spa,4,2290.13,7351.57,credit card,1/7/2025,1/27/2025,5
The Peninsula Manila,confirmed,double,3,pool,1,1783.96,5579.42,cash,1/6/2025,1/29/2025,3
Okada Manila,pending,suite,7,gym,3,4431.48,6844.14,online transfer,1/13/2025,2/11/2025,4
The Manila Hotel,confirmed,suite,2,pool,5,3549.11,12689.26,online transfer,1/16/2025,1/26/2025,2
Grand Hyatt Manila,pending,double,6,gym,7,3686.85,20495.5,credit card,2/8/2025,1/8/2025,5
The Manila Hotel,confirmed,single,10,pool,8,2651.39,3423.73,credit card,1/1/2025,1/6/2025,3
Grand Hyatt Manila,pending,double,2,pool,7,2562.03,23580.35,credit card,1/29/2025,1/30/2025,5
The Peninsula Manila,confirmed,double,9,spa,9,1818.01,18064.77,credit card,2/16/2025,1/16/2025,3
Okada Manila,cancelled,suite,8,pool,7,3772.07,1673.82,cash,1/3/2025,1/30/2025,3
The Peninsula Manila,cancelled,single,7,gym,6,1516.15,17056.77,cash,2/8/2025,1/28/2025,4
Grand Hyatt Manila,pending,suite,5,pool,9,4567.32,3937.55,online transfer,1/14/2025,1/15/2025,2
The Peninsula Manila,pending,double,9,gym,6,3988.52,27503.79,credit card,1/28/2025,1/10/2025,5
Okada Manila,cancelled,double,5,spa,5,1699.14,11085.06,credit card,1/3/2025,1/20/2025,1
Okada Manila,cancelled,single,2,gym,5,2506.5,2121.21,cash,1/31/2025,1/18/2025,1
The Peninsula Manila,pending,single,2,gym,1,2308.95,11354.42,online transfer,2/5/2025,1/11/2025,1
The Manila Hotel,cancelled,suite,5,gym,7,4793.73,26522.89,online transfer,2/13/2025,1/9/2025,4
Okada Manila,confirmed,single,3,spa,9,4215.39,15051.9,online transfer,1/4/2025,1/2/2025,1
Grand Hyatt Manila,confirmed,double,9,gym,2,2218.66,24842.77,credit card,2/3/2025,2/1/2025,4
Okada Manila,cancelled,double,2,spa,7,4476.34,28864.28,cash,1/23/2025,1/4/2025,5
Grand Hyatt Manila,cancelled,suite,4,spa,3,2871.07,7658.93,cash,1/21/2025,1/8/2025,1
Okada Manila,cancelled,double,6,gym,1,4071.01,13952.07,online transfer,2/11/2025,1/31/2025,2
The Manila Hotel,confirmed,suite,8,gym,8,4003.98,23535.98,online transfer,1/1/2025,1/28/2025,2
Okada Manila,pending,suite,6,gym,3,3651.19,28115.31,cash,1/13/2025,2/14/2025,5
The Manila Hotel,pending,double,1,gym,2,4492.88,20379.25,cash,1/27/2025,1/11/2025,4
Grand Hyatt Manila,confirmed,double,3,spa,5,2794.67,12495.59,cash,1/17/2025,1/21/2025,5
Okada Manila,confirmed,suite,1,pool,7,2656.09,12739.47,credit card,1/21/2025,2/19/2025,4
Okada Manila,confirmed,single,4,gym,1,2568.74,24407.45,online transfer,1/14/2025,2/7/2025,3
The Peninsula Manila,cancelled,double,3,spa,3,2974.74,16699.92,online transfer,2/11/2025,1/29/2025,4
Grand Hyatt Manila,confirmed,single,1,pool,4,2856.36,25881.44,credit card,2/1/2025,1/16/2025,3
The Manila Hotel,cancelled,double,8,pool,8,4505.08,5038.44,online transfer,2/17/2025,1/13/2025,4
Okada Manila,confirmed,single,10,gym,5,3981.35,3718.24,online transfer,2/17/2025,2/9/2025,4
The Peninsula Manila,confirmed,double,7,gym,7,3506.03,5376.3,cash,1/24/2025,2/9/2025,5
The Manila Hotel,confirmed,double,7,gym,8,2860.51,14169.41,credit card,2/18/2025,2/2/2025,5
Okada Manila,pending,double,5,spa,6,3660.14,3885.73,cash,1/25/2025,1/20/2025,2
The Manila Hotel,cancelled,single,6,pool,10,4131.71,16844.2,cash,2/6/2025,2/14/2025,3
The Manila Hotel,pending,single,5,pool,3,3762.07,22675.4,online transfer,1/19/2025,1/11/2025,5
Okada Manila,confirmed,single,10,gym,10,3763.86,7032.54,online transfer,2/19/2025,2/6/2025,5
The Peninsula Manila,cancelled,single,6,spa,3,1597.42,11128.73,credit card,2/19/2025,1/9/2025,3
Okada Manila,confirmed,double,2,gym,9,4179.6,5389.47,cash,2/6/2025,1/14/2025,1
Okada Manila,cancelled,suite,3,gym,2,4450.92,13224.68,credit card,1/17/2025,2/6/2025,5
The Peninsula Manila,cancelled,suite,1,gym,3,1803.84,3881.08,credit card,2/12/2025,1/29/2025,5
Grand Hyatt Manila,pending,double,4,pool,7,3297.96,3025.55,cash,1/30/2025,2/5/2025,1
The Peninsula Manila,pending,single,9,gym,9,2860.29,2354.6,credit card,1/1/2025,2/1/2025,5
The Peninsula Manila,confirmed,suite,5,pool,6,1896.51,24110.05,online transfer,1/17/2025,1/20/2025,1
Okada Manila,confirmed,double,1,spa,9,4362.34,8496.07,cash,1/27/2025,2/2/2025,4
Grand Hyatt Manila,cancelled,double,2,spa,8,2661.41,18324.08,online transfer,2/1/2025,1/5/2025,4
The Peninsula Manila,pending,double,8,pool,9,3765.96,28880.51,online transfer,2/7/2025,1/29/2025,4
The Peninsula Manila,cancelled,double,6,pool,4,4803.65,28057.1,credit card,2/10/2025,1/3/2025,2
The Manila Hotel,cancelled,single,8,spa,5,4215.33,5390.44,online transfer,2/19/2025,1/26/2025,3
Okada Manila,cancelled,suite,4,gym,8,4044.99,9619.48,cash,1/10/2025,1/26/2025,1
Okada Manila,cancelled,single,3,pool,6,1978.17,5927.14,credit card,1/21/2025,2/9/2025,1
Okada Manila,pending,suite,5,pool,4,1552.36,25649.5,cash,2/10/2025,1/20/2025,4
The Peninsula Manila,confirmed,suite,10,gym,3,2952.09,12000.31,credit card,1/27/2025,2/15/2025,3
Okada Manila,pending,double,5,gym,8,3464.17,23828.09,online transfer,2/1/2025,1/25/2025,4
Okada Manila,cancelled,double,7,gym,9,3801.87,23272.92,online transfer,1/29/2025,2/11/2025,5
The Peninsula Manila,cancelled,single,7,gym,2,4285.13,27481.14,credit card,1/30/2025,2/7/2025,5
The Manila Hotel,confirmed,double,3,spa,2,2728.37,19129.03,cash,2/10/2025,2/2/2025,2
Okada Manila,confirmed,single,5,spa,6,2353.65,26336.55,cash,2/1/2025,1/16/2025,2
Okada Manila,confirmed,double,2,pool,4,4917.22,16672.03,online transfer,1/3/2025,2/13/2025,2
The Manila Hotel,confirmed,suite,1,spa,5,3019.41,5784.07,cash,1/17/2025,2/18/2025,4
The Peninsula Manila,pending,single,6,spa,9,2701.19,11699.01,online transfer,2/2/2025,1/9/2025,2
The Manila Hotel,confirmed,double,3,spa,5,3216.31,19327.94,cash,1/17/2025,1/4/2025,4
The Manila Hotel,cancelled,suite,2,spa,1,4820.34,16162.33,online transfer,1/18/2025,1/28/2025,5
The Peninsula Manila,cancelled,double,6,spa,6,2033.09,25145.37,online transfer,1/19/2025,2/11/2025,4
The Peninsula Manila,confirmed,single,5,gym,3,2249.44,16004.89,cash,1/26/2025,1/12/2025,3
Okada Manila,confirmed,suite,9,pool,1,4733.94,25566.61,cash,2/7/2025,1/28/2025,4
The Manila Hotel,cancelled,double,8,pool,2,1811.8,19973.59,credit card,1/26/2025,1/15/2025,5
The Manila Hotel,pending,single,8,spa,3,2541.23,17135.61,cash,1/30/2025,1/26/2025,2
Okada Manila,confirmed,double,2,spa,4,4671.74,14347.78,cash,2/18/2025,1/25/2025,4
Grand Hyatt Manila,confirmed,single,9,spa,4,4886.12,13637.96,online transfer,2/13/2025,1/18/2025,4
Grand Hyatt Manila,confirmed,suite,6,gym,4,3110.68,13669.95,online transfer,2/9/2025,1/26/2025,5
Grand Hyatt Manila,confirmed,single,10,gym,7,1848.53,2313.63,online transfer,2/8/2025,1/27/2025,2
Grand Hyatt Manila,pending,double,4,spa,7,2285.15,6180.11,cash,1/9/2025,1/10/2025,2
Grand Hyatt Manila,confirmed,single,8,spa,2,4102.13,9718.51,cash,1/23/2025,1/15/2025,3
The Manila Hotel,cancelled,single,10,pool,6,3205.01,29889.15,credit card,2/15/2025,1/11/2025,1
The Peninsula Manila,confirmed,suite,8,spa,6,3564.23,4220.28,cash,1/7/2025,1/31/2025,5
Okada Manila,confirmed,single,4,pool,7,3554.5,14521.48,cash,1/9/2025,1/12/2025,4
Grand Hyatt Manila,cancelled,single,2,pool,6,2463.03,18864.24,online transfer,1/6/2025,2/8/2025,2
Okada Manila,cancelled,double,1,pool,1,2311.93,11430.32,online transfer,2/12/2025,2/5/2025,1
Okada Manila,confirmed,suite,8,pool,4,4018.3,16515.5,cash,2/12/2025,1/4/2025,5
The Manila Hotel,confirmed,suite,3,pool,10,3683.06,27802.62,online transfer,1/24/2025,2/17/2025,3
The Manila Hotel,confirmed,single,4,pool,9,1990.96,15589.61,credit card,1/19/2025,2/10/2025,1
The Manila Hotel,pending,suite,9,gym,8,4220.78,27750.56,online transfer,1/26/2025,2/13/2025,1
Okada Manila,cancelled,suite,5,gym,10,2596.06,23322.7,cash,2/3/2025,2/4/2025,1
The Manila Hotel,cancelled,suite,5,pool,5,4478.73,16356.08,online transfer,1/28/2025,1/19/2025,1
The Manila Hotel,cancelled,double,6,gym,4,1951.2,14323.02,credit card,2/19/2025,1/22/2025,4
Grand Hyatt Manila,confirmed,double,4,gym,5,2450.75,22844.66,credit card,1/16/2025,1/15/2025,2
Grand Hyatt Manila,confirmed,double,1,gym,7,1555.28,5415.95,cash,1/31/2025,2/7/2025,4
Okada Manila,pending,suite,10,spa,10,1866.58,16407.7,credit card,1/2/2025,2/10/2025,5
Okada Manila,confirmed,single,3,gym,4,4407.99,16624.53,credit card,1/26/2025,1/20/2025,3
Grand Hyatt Manila,confirmed,double,8,pool,5,2122.67,13556.41,online transfer,2/6/2025,1/16/2025,4
The Manila Hotel,confirmed,suite,7,spa,8,2323.56,20506.04,cash,2/14/2025,2/9/2025,2
The Manila Hotel,confirmed,suite,2,spa,8,3464.78,1759.14,credit card,1/29/2025,2/11/2025,1
Grand Hyatt Manila,cancelled,single,5,spa,3,2557.01,22825.53,online transfer,1/7/2025,1/2/2025,2
Okada Manila,confirmed,single,8,pool,9,2137.89,17325.97,credit card,1/20/2025,1/24/2025,1
Okada Manila,cancelled,suite,7,spa,7,3913.76,18295.0,credit card,1/3/2025,1/15/2025,2
Okada Manila,pending,suite,8,pool,5,3753.65,8046.64,online transfer,1/22/2025,1/22/2025,1
The Manila Hotel,cancelled,double,7,gym,9,2745.01,14514.83,credit card,1/8/2025,2/17/2025,5
Okada Manila,pending,double,9,pool,2,1765.98,17396.0,credit card,1/3/2025,1/21/2025,4
Okada Manila,confirmed,single,10,spa,5,3043.81,25407.77,online transfer,2/17/2025,2/14/2025,3
The Manila Hotel,cancelled,single,4,gym,5,3873.77,10850.62,credit card,1/14/2025,2/15/2025,1
The Manila Hotel,confirmed,single,6,spa,9,3665.4,3278.36,online transfer,1/26/2025,1/30/2025,5
Okada Manila,confirmed,double,9,gym,2,1548.95,18441.74,credit card,1/6/2025,1/6/2025,3
Grand Hyatt Manila,pending,double,1,spa,3,1809.86,22669.71,credit card,1/8/2025,1/15/2025,4
Grand Hyatt Manila,pending,single,3,spa,3,2815.79,12239.57,credit card,2/18/2025,1/24/2025,5
The Manila Hotel,pending,single,4,gym,4,4681.77,20699.39,cash,2/4/2025,2/1/2025,2
The Manila Hotel,pending,suite,5,gym,4,2476.21,9590.22,online transfer,1/13/2025,1/24/2025,2
The Manila Hotel,confirmed,single,10,pool,6,2852.7,29659.76,credit card,1/24/2025,1/29/2025,3
Grand Hyatt Manila,confirmed,suite,5,pool,2,3583.01,19744.89,credit card,1/16/2025,2/4/2025,2
The Peninsula Manila,pending,single,10,gym,5,4556.37,12143.81,credit card,2/1/2025,1/5/2025,5
The Manila Hotel,pending,single,1,spa,3,4458.36,22475.69,credit card,1/9/2025,2/18/2025,1
Okada Manila,pending,suite,3,gym,2,3762.91,6802.21,online transfer,1/2/2025,2/13/2025,1
Grand Hyatt Manila,cancelled,single,8,gym,1,2589.48,3558.61,credit card,2/16/2025,1/31/2025,4
Okada Manila,confirmed,single,9,pool,7,4729.03,16951.86,cash,1/12/2025,1/20/2025,2
Grand Hyatt Manila,cancelled,double,2,gym,6,4966.33,26760.05,online transfer,1/1/2025,2/5/2025,4
Okada Manila,cancelled,single,7,pool,9,3311.35,15601.11,credit card,1/16/2025,1/20/2025,3
The Manila Hotel,confirmed,suite,1,spa,4,1690.37,2539.22,cash,2/5/2025,1/26/2025,5
The Peninsula Manila,confirmed,double,3,gym,3,4396.84,26836.04,online transfer,2/17/2025,2/6/2025,1
Okada Manila,cancelled,single,1,pool,3,1662.85,8080.64,cash,1/13/2025,1/27/2025,2
Okada Manila,confirmed,double,1,spa,2,4239.38,17715.03,credit card,2/19/2025,1/11/2025,5
Grand Hyatt Manila,pending,single,5,pool,3,2473.01,24428.19,cash,1/26/2025,1/28/2025,4
The Peninsula Manila,cancelled,single,1,pool,2,2228.33,6279.73,online transfer,1/1/2025,2/9/2025,1
The Peninsula Manila,cancelled,double,5,gym,9,1555.58,25236.63,credit card,1/9/2025,2/12/2025,1
The Peninsula Manila,confirmed,double,8,pool,2,2177.68,23314.27,credit card,2/4/2025,1/12/2025,4
The Peninsula Manila,cancelled,suite,7,gym,8,2223.09,8075.83,credit card,1/13/2025,2/14/2025,5
The Manila Hotel,pending,suite,10,spa,9,4972.45,10938.23,credit card,1/24/2025,2/19/2025,3
The Peninsula Manila,pending,single,9,pool,5,3843.96,17322.88,credit card,1/23/2025,1/8/2025,3
The Manila Hotel,pending,double,7,gym,10,4072.97,6787.79,online transfer,1/18/2025,2/6/2025,1
The Peninsula Manila,pending,single,1,spa,1,4116.71,6759.98,credit card,1/11/2025,1/25/2025,5
Okada Manila,confirmed,double,6,pool,8,4737.59,25835.56,cash,1/28/2025,1/2/2025,1
Okada Manila,confirmed,double,9,pool,8,4840.16,10659.12,credit card,2/15/2025,2/8/2025,2
The Manila Hotel,pending,suite,7,pool,8,3294.18,22565.64,online transfer,1/13/2025,1/26/2025,1
The Peninsula Manila,pending,suite,8,spa,5,2378.71,23699.36,cash,1/10/2025,1/25/2025,4
The Manila Hotel,cancelled,single,2,pool,7,2713.94,14815.84,credit card,1/1/2025,2/11/2025,5
Grand Hyatt Manila,cancelled,suite,5,spa,4,3178.14,1611.41,cash,2/10/2025,2/14/2025,4
Grand Hyatt Manila,cancelled,suite,5,pool,8,4697.46,27804.97,credit card,1/17/2025,2/13/2025,5
Okada Manila,cancelled,single,1,spa,8,1536.46,22251.85,credit card,2/12/2025,1/16/2025,3
The Manila Hotel,pending,double,2,pool,7,4656.78,24178.81,online transfer,1/24/2025,2/19/2025,2
The Peninsula Manila,confirmed,suite,7,spa,6,2415.19,17184.57,cash,2/17/2025,2/16/2025,5
The Manila Hotel,cancelled,suite,6,gym,4,4493.55,4521.11,online transfer,1/22/2025,1/3/2025,1
Grand Hyatt Manila,cancelled,suite,4,spa,1,4571.09,19512.92,online transfer,1/29/2025,2/3/2025,1
Okada Manila,confirmed,single,3,spa,4,3861.61,14261.47,online transfer,2/3/2025,1/30/2025,4
The Manila Hotel,cancelled,single,9,spa,1,3845.35,9724.8,credit card,1/4/2025,1/31/2025,5
The Peninsula Manila,pending,suite,7,gym,8,4884.09,5423.8,online transfer,2/12/2025,2/18/2025,4
Grand Hyatt Manila,confirmed,double,5,gym,7,3218.28,2493.57,online transfer,1/9/2025,1/27/2025,5
The Manila Hotel,confirmed,single,10,pool,10,3855.9,23709.31,online transfer,1/13/2025,1/21/2025,4
The Manila Hotel,cancelled,single,10,spa,8,2360.43,14718.44,online transfer,2/4/2025,1/6/2025,5
The Peninsula Manila,confirmed,double,6,pool,5,1604.18,12231.02,cash,2/18/2025,2/17/2025,1
The Peninsula Manila,confirmed,single,10,gym,8,3497.69,9644.08,credit card,1/23/2025,1/11/2025,5
The Peninsula Manila,pending,single,1,spa,5,4732.37,13275.04,credit card,1/24/2025,2/12/2025,4
The Manila Hotel,cancelled,double,4,gym,8,3303.15,13171.38,credit card,1/23/2025,2/11/2025,1
Grand Hyatt Manila,cancelled,double,3,pool,2,1613.72,9863.2,cash,1/17/2025,2/1/2025,4
Grand Hyatt Manila,pending,single,5,gym,5,2002.53,25494.12,online transfer,1/14/2025,2/2/2025,5
The Manila Hotel,cancelled,suite,1,spa,7,4269.22,7755.63,credit card,2/9/2025,1/19/2025,3
Grand Hyatt Manila,cancelled,suite,3,gym,10,2916.78,15041.08,cash,1/15/2025,1/6/2025,1
Grand Hyatt Manila,cancelled,single,1,spa,7,4233.97,5609.03,cash,1/28/2025,1/7/2025,4
Grand Hyatt Manila,cancelled,suite,9,pool,8,4356.08,8004.35,credit card,1/18/2025,1/27/2025,2
Okada Manila,confirmed,double,2,pool,10,4087.98,2116.71,cash,1/1/2025,1/6/2025,2
The Manila Hotel,confirmed,suite,7,spa,10,4182.75,10499.1,credit card,2/1/2025,2/8/2025,3
Okada Manila,pending,suite,5,gym,8,4551.68,6826.43,cash,1/17/2025,2/1/2025,1
The Manila Hotel,confirmed,single,7,pool,2,1659.72,11253.04,credit card,1/23/2025,2/11/2025,4
The Manila Hotel,confirmed,suite,3,pool,10,3477.64,19138.78,cash,1/14/2025,1/19/2025,1
The Manila Hotel,cancelled,single,8,pool,4,3004.38,20102.78,credit card,2/6/2025,1/22/2025,2
The Manila Hotel,pending,single,9,spa,4,4853.33,12155.42,cash,2/2/2025,1/14/2025,3
Grand Hyatt Manila,pending,double,8,spa,1,4431.58,25688.03,cash,1/13/2025,2/8/2025,2
Grand Hyatt Manila,cancelled,double,3,gym,7,3099.21,20081.42,cash,1/16/2025,2/1/2025,1
Grand Hyatt Manila,cancelled,single,5,spa,7,2993.33,18780.8,cash,1/5/2025,1/14/2025,1
The Manila Hotel,cancelled,suite,4,gym,7,3447.46,23495.42,cash,2/9/2025,1/7/2025,5
The Peninsula Manila,cancelled,double,10,gym,6,4879.13,24126.71,credit card,1/8/2025,2/1/2025,4
Grand Hyatt Manila,pending,suite,9,gym,9,4753.94,14894.29,credit card,2/18/2025,2/5/2025,4
Grand Hyatt Manila,pending,single,10,spa,8,3496.37,18277.83,credit card,2/11/2025,1/6/2025,5
Grand Hyatt Manila,cancelled,double,5,gym,10,4502.19,23817.11,credit card,2/7/2025,1/11/2025,2
The Manila Hotel,pending,single,9,spa,6,2940.53,4718.83,online transfer,1/5/2025,2/14/2025,4
Grand Hyatt Manila,cancelled,suite,9,spa,4,3640.25,21501.86,credit card,1/23/2025,2/4/2025,4
Okada Manila,confirmed,single,1,gym,2,3404.77,4615.44,online transfer,1/3/2025,2/10/2025,5
Okada Manila,cancelled,double,6,pool,6,3075.65,23788.58,cash,2/15/2025,1/4/2025,1
Okada Manila,cancelled,double,6,pool,10,4495.33,25728.28,credit card,2/12/2025,2/18/2025,1
Okada Manila,cancelled,double,6,pool,2,3446.98,17780.15,credit card,1/22/2025,1/31/2025,2
Okada Manila,cancelled,suite,4,gym,3,3348.42,2680.68,credit card,1/5/2025,1/14/2025,3
The Manila Hotel,confirmed,single,7,spa,6,4412.49,25198.9,online transfer,1/26/2025,2/16/2025,3
The Peninsula Manila,pending,suite,7,pool,8,3515.57,20026.16,cash,1/2/2025,1/31/2025,4
The Manila Hotel,cancelled,single,3,gym,3,3432.44,22686.21,credit card,1/12/2025,1/19/2025,2
The Manila Hotel,pending,single,4,gym,4,4243.94,26025.25,cash,1/28/2025,1/26/2025,1
The Peninsula Manila,pending,suite,3,pool,8,4037.8,2973.93,online transfer,2/16/2025,2/19/2025,5
The Peninsula Manila,confirmed,suite,7,gym,4,4163.67,14427.99,online transfer,2/7/2025,1/7/2025,4
Grand Hyatt Manila,pending,double,4,pool,1,2176.36,28965.19,credit card,2/11/2025,2/17/2025,3
Okada Manila,pending,double,3,pool,2,2764.75,9261.67,credit card,2/17/2025,1/6/2025,1
The Peninsula Manila,cancelled,double,5,gym,4,2903.39,10790.94,credit card,2/4/2025,1/26/2025,1
The Manila Hotel,pending,single,5,spa,6,4645.1,25032.87,online transfer,1/26/2025,2/15/2025,4
Okada Manila,cancelled,suite,6,pool,2,4231.04,5152.87,cash,1/21/2025,2/13/2025,4
The Peninsula Manila,pending,double,8,gym,2,3146.71,26143.45,online transfer,1/31/2025,2/6/2025,3
Okada Manila,cancelled,double,1,pool,8,4297.11,15481.86,credit card,1/2/2025,2/12/2025,1
The Peninsula Manila,pending,suite,3,spa,10,1855.05,20335.65,cash,1/13/2025,1/30/2025,5
Okada Manila,pending,single,6,spa,1,2717.21,21662.37,cash,2/13/2025,1/21/2025,2
The Manila Hotel,confirmed,single,9,spa,10,4973.84,2213.7,cash,2/2/2025,2/3/2025,1
The Peninsula Manila,cancelled,double,8,spa,1,4875.76,12662.84,online transfer,2/17/2025,1/3/2025,5
The Peninsula Manila,cancelled,double,5,pool,5,3585.83,24602.39,cash,1/5/2025,1/19/2025,3
The Manila Hotel,pending,suite,7,pool,10,1692.41,4425.29,online transfer,2/6/2025,1/22/2025,3
The Peninsula Manila,cancelled,single,6,pool,2,4777.35,6081.39,credit card,1/1/2025,2/13/2025,3
The Peninsula Manila,cancelled,double,6,pool,1,1539.53,23291.78,credit card,1/4/2025,1/5/2025,3
Okada Manila,cancelled,suite,9,pool,10,4455.31,20803.66,credit card,2/11/2025,1/25/2025,1
The Manila Hotel,confirmed,double,2,pool,4,4007.28,19800.1,cash,2/17/2025,1/17/2025,2
Grand Hyatt Manila,pending,suite,9,spa,8,3686.62,10703.95,cash,1/15/2025,2/17/2025,3
Grand Hyatt Manila,pending,suite,4,spa,5,3997.83,4094.49,online transfer,2/11/2025,1/15/2025,2
The Peninsula Manila,pending,double,3,spa,1,4891.31,8431.12,credit card,1/8/2025,2/3/2025,4
Grand Hyatt Manila,confirmed,suite,6,pool,5,3422.31,22017.29,online transfer,1/29/2025,2/3/2025,3
Grand Hyatt Manila,confirmed,double,3,spa,1,3827.46,9720.96,online transfer,1/18/2025,1/26/2025,1
Grand Hyatt Manila,confirmed,single,9,gym,8,3894.19,14173.18,online transfer,1/3/2025,1/21/2025,2
Okada Manila,confirmed,double,10,gym,2,2329.07,5848.36,cash,2/2/2025,1/31/2025,4
Okada Manila,pending,double,5,gym,5,4447.71,26361.52,cash,2/16/2025,1/4/2025,5
The Peninsula Manila,pending,suite,9,gym,7,3583.0,28160.6,credit card,2/17/2025,2/4/2025,5
The Manila Hotel,confirmed,suite,4,pool,8,4450.81,22790.9,online transfer,1/12/2025,1/2/2025,4
Grand Hyatt Manila,pending,suite,10,gym,8,2532.29,14463.76,cash,1/8/2025,1/24/2025,1
The Manila Hotel,confirmed,suite,10,spa,10,3163.87,10907.61,credit card,2/15/2025,2/8/2025,2
Okada Manila,confirmed,suite,1,spa,5,1911.98,23760.72,online transfer,1/24/2025,2/8/2025,2
Grand Hyatt Manila,pending,single,9,spa,10,1940.06,17329.96,cash,1/25/2025,1/10/2025,4
The Manila Hotel,pending,suite,4,spa,8,4134.43,29232.02,online transfer,1/18/2025,1/17/2025,1
Okada Manila,confirmed,suite,8,gym,6,4930.06,17644.81,online transfer,2/1/2025,1/10/2025,2
The Manila Hotel,cancelled,double,3,pool,2,2937.93,14544.17,credit card,2/17/2025,2/7/2025,1
Okada Manila,confirmed,double,4,gym,10,2161.67,25358.84,credit card,1/28/2025,2/5/2025,4
Okada Manila,pending,suite,7,spa,4,4192.55,25471.09,online transfer,2/7/2025,1/19/2025,2
Okada Manila,cancelled,suite,7,spa,10,1850.84,7093.69,online transfer,1/9/2025,1/17/2025,4
Grand Hyatt Manila,confirmed,suite,1,gym,8,4015.5,3102.04,credit card,1/13/2025,2/19/2025,1
Okada Manila,confirmed,double,6,gym,2,1529.28,16347.26,credit card,1/16/2025,1/31/2025,4
The Manila Hotel,confirmed,suite,7,gym,1,4938.21,14563.35,credit card,1/13/2025,2/9/2025,4
Okada Manila,confirmed,double,2,gym,9,3219.0,4320.41,online transfer,2/1/2025,1/29/2025,2
The Manila Hotel,cancelled,suite,6,pool,9,4716.93,22794.73,cash,2/18/2025,2/11/2025,3
Okada Manila,cancelled,double,8,spa,10,4068.52,28968.42,online transfer,1/7/2025,2/11/2025,1
The Manila Hotel,cancelled,single,8,spa,3,2048.61,15628.55,online transfer,2/2/2025,1/27/2025,4
Okada Manila,cancelled,double,3,pool,3,4805.89,15786.01,credit card,2/7/2025,1/18/2025,3
The Peninsula Manila,pending,double,3,gym,4,2416.06,1895.62,online transfer,2/11/2025,2/9/2025,4
The Peninsula Manila,pending,suite,10,gym,10,4552.9,6142.45,cash,1/15/2025,2/5/2025,1
The Peninsula Manila,confirmed,suite,9,spa,2,1550.49,20470.74,online transfer,1/18/2025,1/14/2025,4
The Manila Hotel,confirmed,single,7,gym,5,2643.04,6217.94,cash,2/12/2025,1/12/2025,2
The Peninsula Manila,confirmed,suite,10,spa,3,3408.61,17658.8,credit card,1/30/2025,1/15/2025,5
The Peninsula Manila,confirmed,double,1,pool,1,2107.82,12585.66,online transfer,1/18/2025,1/30/2025,5
The Peninsula Manila,confirmed,double,2,gym,2,4600.19,27667.49,cash,2/1/2025,2/12/2025,4
The Peninsula Manila,pending,single,9,pool,5,2526.22,5214.61,credit card,1/1/2025,1/27/2025,3
Grand Hyatt Manila,cancelled,double,1,gym,1,1617.6,26782.38,cash,1/15/2025,1/1/2025,1
The Peninsula Manila,cancelled,double,4,gym,7,2016.85,17347.73,cash,2/17/2025,1/19/2025,3
The Peninsula Manila,cancelled,suite,4,pool,6,3318.12,9675.02,cash,1/30/2025,1/2/2025,2
The Peninsula Manila,cancelled,suite,7,pool,7,3189.65,8566.25,credit card,2/11/2025,2/10/2025,1
Okada Manila,cancelled,single,9,pool,5,3092.44,2532.48,cash,1/2/2025,1/17/2025,4
The Manila Hotel,pending,double,8,gym,3,2829.04,29341.61,credit card,1/10/2025,1/22/2025,4
Grand Hyatt Manila,confirmed,double,1,spa,7,4559.1,12110.75,cash,1/8/2025,1/12/2025,4
Grand Hyatt Manila,cancelled,single,9,gym,5,2921.91,26202.97,online transfer,1/29/2025,1/16/2025,3
Okada Manila,cancelled,double,1,gym,7,4844.61,20003.32,online transfer,2/11/2025,1/26/2025,1
The Peninsula Manila,pending,double,7,spa,10,2452.85,16647.92,credit card,1/1/2025,1/31/2025,3
The Peninsula Manila,pending,double,6,gym,9,1812.07,11207.31,credit card,2/18/2025,1/20/2025,3
The Peninsula Manila,pending,double,7,pool,5,3018.83,9425.33,online transfer,2/12/2025,2/15/2025,4
The Manila Hotel,confirmed,double,1,pool,9,4639.61,8718.56,credit card,1/12/2025,1/17/2025,2
The Peninsula Manila,cancelled,double,6,pool,4,2072.45,25340.16,credit card,2/10/2025,1/28/2025,3
The Peninsula Manila,confirmed,suite,1,gym,9,1713.7,10128.94,credit card,2/10/2025,2/17/2025,1
Grand Hyatt Manila,confirmed,single,5,gym,10,4520.2,5436.12,cash,2/2/2025,2/7/2025,2
Okada Manila,confirmed,single,10,gym,10,4236.55,2891.1,online transfer,1/9/2025,2/9/2025,5
The Manila Hotel,cancelled,suite,1,pool,10,4821.52,24986.62,credit card,1/6/2025,1/19/2025,4
The Manila Hotel,confirmed,single,9,gym,1,3122.07,3279.69,cash,1/27/2025,2/12/2025,1
The Manila Hotel,cancelled,double,4,pool,4,2373.4,28197.45,online transfer,1/18/2025,2/17/2025,3
The Manila Hotel,cancelled,double,5,pool,3,4257.57,26032.09,cash,2/10/2025,1/31/2025,2
The Peninsula Manila,cancelled,double,6,pool,4,3024.15,24731.32,cash,1/27/2025,1/21/2025,3
The Peninsula Manila,pending,single,5,pool,4,2582.56,26044.84,credit card,1/24/2025,1/17/2025,1
The Manila Hotel,cancelled,single,3,gym,2,4726.31,14396.06,online transfer,1/4/2025,2/13/2025,3
Okada Manila,confirmed,single,5,spa,4,4689.3,17813.2,credit card,1/8/2025,1/10/2025,3
The Manila Hotel,cancelled,suite,5,gym,1,3039.66,14364.95,cash,1/23/2025,1/13/2025,4
Okada Manila,pending,suite,9,pool,5,1970.15,19961.39,cash,1/22/2025,1/4/2025,1
Grand Hyatt Manila,pending,double,7,pool,10,4316.55,20949.75,cash,2/18/2025,1/31/2025,3
The Manila Hotel,confirmed,double,10,spa,8,2274.9,5365.39,cash,1/1/2025,2/16/2025,3
The Peninsula Manila,pending,double,6,pool,7,2923.37,11939.19,credit card,1/3/2025,1/16/2025,4
Okada Manila,pending,double,4,pool,7,2619.7,13342.19,cash,2/9/2025,2/6/2025,2
The Manila Hotel,confirmed,single,10,spa,3,2985.6,5493.46,credit card,2/8/2025,1/24/2025,4
Grand Hyatt Manila,confirmed,single,5,spa,9,4313.4,15468.63,online transfer,1/16/2025,1/5/2025,4
The Manila Hotel,confirmed,double,6,gym,5,3105.73,24219.14,credit card,1/4/2025,1/16/2025,5
Okada Manila,confirmed,double,4,spa,6,3057.24,14979.94,online transfer,1/9/2025,1/15/2025,2
Okada Manila,pending,suite,1,gym,1,4263.26,18299.69,cash,2/10/2025,2/10/2025,3
The Manila Hotel,cancelled,double,4,spa,1,3563.59,19087.46,cash,2/11/2025,1/17/2025,5
The Peninsula Manila,confirmed,double,10,spa,1,4162.16,19731.1,cash,1/14/2025,1/10/2025,5
The Peninsula Manila,cancelled,single,3,gym,2,1574.41,2283.28,cash,1/8/2025,1/27/2025,1
Grand Hyatt Manila,confirmed,double,5,gym,6,3841.52,14597.3,credit card,2/8/2025,1/18/2025,5
The Peninsula Manila,cancelled,double,3,pool,7,4239.27,15314.24,credit card,1/13/2025,1/13/2025,1
Okada Manila,pending,suite,4,spa,8,3916.48,12256.33,credit card,2/4/2025,2/6/2025,1
The Manila Hotel,pending,double,7,spa,8,4018.71,15924.75,credit card,1/21/2025,2/19/2025,3
The Manila Hotel,pending,single,10,spa,5,1850.91,20009.8,credit card,1/2/2025,2/18/2025,5
The Manila Hotel,confirmed,double,9,spa,8,2958.6,21084.55,credit card,1/14/2025,1/11/2025,2
Grand Hyatt Manila,confirmed,suite,8,gym,9,4411.51,17649.14,credit card,1/11/2025,2/16/2025,3
Okada Manila,pending,single,9,pool,4,3885.22,6403.47,cash,1/23/2025,2/12/2025,5
The Manila Hotel,confirmed,single,9,gym,9,4741.49,11256.29,credit card,1/6/2025,1/3/2025,2
The Manila Hotel,cancelled,suite,10,spa,10,3934.86,29233.1,online transfer,1/22/2025,2/19/2025,3
The Manila Hotel,pending,suite,2,spa,2,3701.28,26011.92,cash,1/10/2025,1/4/2025,5
The Manila Hotel,confirmed,double,2,spa,7,4894.38,3320.73,online transfer,1/2/2025,1/19/2025,3
The Manila Hotel,cancelled,single,5,gym,5,1521.64,29888.62,online transfer,1/7/2025,1/15/2025,1
Okada Manila,cancelled,suite,3,spa,7,2267.31,10608.85,credit card,1/7/2025,1/3/2025,5
Okada Manila,pending,suite,5,gym,10,3469.68,28863.33,online transfer,2/5/2025,2/10/2025,2
The Peninsula Manila,pending,suite,1,pool,2,2841.34,5134.22,credit card,2/10/2025,1/3/2025,4
The Manila Hotel,cancelled,single,10,gym,3,2451.47,11862.1,credit card,2/4/2025,2/19/2025,1
The Peninsula Manila,confirmed,suite,6,gym,9,4029.42,25081.55,cash,2/3/2025,1/8/2025,1
The Peninsula Manila,confirmed,suite,3,pool,10,2346.4,7644.47,cash,1/3/2025,1/22/2025,2
Grand Hyatt Manila,confirmed,single,8,pool,6,4718.31,21132.3,credit card,2/16/2025,2/3/2025,5
Grand Hyatt Manila,pending,single,1,pool,8,3881.64,26174.54,credit card,1/12/2025,1/1/2025,2
Okada Manila,pending,double,10,pool,7,3054.26,21661.74,credit card,2/6/2025,2/18/2025,3
Okada Manila,cancelled,single,3,gym,5,2653.61,22205.89,cash,2/17/2025,1/25/2025,5
The Peninsula Manila,cancelled,suite,4,pool,1,1837.59,4871.72,cash,1/17/2025,1/28/2025,1
Grand Hyatt Manila,confirmed,single,6,gym,7,4807.89,25450.37,online transfer,1/7/2025,1/18/2025,5
The Manila Hotel,confirmed,double,6,gym,8,3487.37,14648.71,credit card,2/10/2025,1/17/2025,2
The Manila Hotel,pending,double,2,gym,6,2745.21,11797.09,cash,1/25/2025,1/27/2025,2
Okada Manila,pending,suite,1,gym,9,4864.03,6617.83,credit card,1/30/2025,2/13/2025,3
The Manila Hotel,pending,single,10,pool,4,2987.26,18109.62,cash,1/14/2025,1/28/2025,2
Okada Manila,confirmed,single,5,pool,7,2470.56,21190.44,online transfer,1/20/2025,1/25/2025,5
The Manila Hotel,cancelled,single,5,gym,4,3600.71,24244.4,credit card,1/12/2025,2/13/2025,2
The Manila Hotel,pending,suite,10,pool,6,2320.98,22760.25,cash,2/16/2025,1/18/2025,4
The Manila Hotel,confirmed,single,6,gym,6,4283.58,12613.46,cash,2/3/2025,1/3/2025,2
The Manila Hotel,cancelled,double,9,gym,5,2262.42,19652.38,online transfer,1/31/2025,1/14/2025,3
The Manila Hotel,pending,double,1,gym,4,2788.24,29203.07,cash,1/23/2025,2/6/2025,2
The Peninsula Manila,pending,single,4,spa,5,4575.44,23276.27,cash,2/11/2025,1/23/2025,3
The Peninsula Manila,cancelled,double,3,pool,7,3013.66,6848.19,credit card,2/8/2025,1/15/2025,4
The Peninsula Manila,pending,single,10,gym,4,3947.72,22328.96,cash,2/11/2025,1/26/2025,1
The Manila Hotel,confirmed,single,4,gym,8,1657.83,21148.87,online transfer,1/9/2025,2/16/2025,5
Grand Hyatt Manila,cancelled,single,2,gym,3,1652.98,23195.95,online transfer,1/2/2025,1/31/2025,1
Okada Manila,confirmed,single,10,gym,5,1844.19,20788.7,online transfer,1/2/2025,1/20/2025,4
Grand Hyatt Manila,pending,single,1,gym,6,2168.38,23492.16,credit card,2/18/2025,1/25/2025,1
The Manila Hotel,pending,single,4,pool,9,3677.58,10144.76,online transfer,2/1/2025,2/5/2025,4
The Manila Hotel,pending,single,10,spa,7,4540.18,18245.05,cash,2/4/2025,2/1/2025,3
The Manila Hotel,pending,single,9,pool,5,1599.93,13707.8,credit card,1/21/2025,1/10/2025,5
Grand Hyatt Manila,cancelled,double,7,gym,1,3957.58,4718.66,cash,1/5/2025,2/18/2025,2
Okada Manila,pending,suite,4,pool,10,3433.05,5618.8,online transfer,1/24/2025,1/23/2025,1
The Peninsula Manila,pending,single,6,gym,8,1907.24,7380.99,cash,2/9/2025,1/29/2025,1
The Manila Hotel,confirmed,double,6,pool,7,1902.53,4572.39,cash,1/25/2025,1/14/2025,5
Grand Hyatt Manila,pending,suite,8,gym,3,3673.15,24072.81,credit card,2/6/2025,1/2/2025,2
The Peninsula Manila,pending,single,10,spa,2,4983.36,4020.85,cash,2/18/2025,2/9/2025,3
Grand Hyatt Manila,pending,single,2,pool,3,2182.21,17855.56,credit card,1/4/2025,2/7/2025,1
Okada Manila,pending,suite,9,gym,5,4849.63,9053.27,cash,1/9/2025,2/9/2025,5
The Manila Hotel,confirmed,suite,5,spa,7,3993.45,12275.61,credit card,1/9/2025,1/27/2025,3
Okada Manila,cancelled,single,9,spa,1,2336.56,9804.87,online transfer,2/4/2025,2/3/2025,4
The Manila Hotel,confirmed,single,7,spa,3,2543.05,10253.55,online transfer,1/28/2025,1/30/2025,4
Okada Manila,cancelled,single,4,gym,10,2280.71,28990.9,credit card,1/14/2025,2/6/2025,4
Grand Hyatt Manila,pending,double,10,gym,4,1652.31,21213.83,credit card,2/1/2025,1/23/2025,2
Okada Manila,pending,suite,7,spa,10,1710.34,11618.43,credit card,2/7/2025,2/12/2025,1
Grand Hyatt Manila,pending,suite,4,gym,4,2985.06,12281.57,credit card,2/8/2025,1/9/2025,4
Okada Manila,pending,double,8,gym,6,4480.94,23326.02,online transfer,2/3/2025,2/19/2025,4
Grand Hyatt Manila,pending,single,9,spa,7,2978.83,12233.8,credit card,1/30/2025,1/10/2025,5
Okada Manila,pending,suite,1,spa,9,2348.71,16185.34,credit card,1/27/2025,1/30/2025,3
The Manila Hotel,pending,single,1,spa,2,3201.62,5402.65,online transfer,2/3/2025,2/15/2025,4
The Peninsula Manila,cancelled,double,2,gym,9,3348.66,14393.68,online transfer,2/9/2025,1/28/2025,1
The Manila Hotel,pending,double,1,pool,1,1755.67,10526.79,online transfer,2/13/2025,1/21/2025,2
Okada Manila,pending,double,4,spa,3,3789.64,11476.02,credit card,1/29/2025,1/1/2025,1
Grand Hyatt Manila,cancelled,single,10,spa,9,4534.66,11597.7,cash,1/2/2025,1/29/2025,4
Okada Manila,cancelled,suite,4,pool,4,3806.47,28093.64,online transfer,1/20/2025,1/28/2025,4
The Manila Hotel,pending,double,10,pool,4,1527.74,17476.7,online transfer,1/10/2025,1/5/2025,4
Okada Manila,confirmed,suite,2,spa,6,4616.43,3754.59,online transfer,1/24/2025,2/12/2025,3
The Peninsula Manila,pending,single,3,pool,2,1836.33,1671.94,cash,2/17/2025,2/2/2025,5
Grand Hyatt Manila,confirmed,single,4,pool,6,3566.94,29996.87,online transfer,2/13/2025,2/10/2025,4
Okada Manila,confirmed,single,2,gym,1,3451.55,22689.29,cash,1/9/2025,1/6/2025,2
Okada Manila,pending,double,4,spa,8,1969.13,21017.43,online transfer,1/23/2025,2/1/2025,3
Okada Manila,confirmed,single,1,spa,4,4193.02,18815.27,credit card,1/21/2025,1/26/2025,4
The Peninsula Manila,cancelled,single,5,pool,7,1806.99,21573.2,cash,1/16/2025,2/16/2025,1
The Peninsula Manila,confirmed,suite,4,spa,6,3853.34,9590.68,credit card,2/5/2025,1/1/2025,3
Okada Manila,confirmed,double,3,spa,8,3058.0,27972.17,cash,2/8/2025,1/11/2025,4
Okada Manila,pending,suite,4,spa,7,2495.69,1865.26,online transfer,1/17/2025,2/17/2025,5
The Manila Hotel,confirmed,single,10,gym,5,1722.55,24745.81,cash,2/11/2025,1/22/2025,3
The Peninsula Manila,cancelled,double,1,pool,6,2232.23,8119.59,cash,2/2/2025,2/16/2025,2
Okada Manila,pending,single,5,gym,8,4292.39,23965.09,online transfer,2/4/2025,1/4/2025,5
Grand Hyatt Manila,pending,single,7,pool,2,2570.65,3696.84,online transfer,1/3/2025,1/12/2025,1
The Peninsula Manila,pending,single,7,gym,10,2805.83,16298.8,cash,1/6/2025,1/31/2025,3
The Manila Hotel,confirmed,single,3,spa,2,4232.09,27131.0,credit card,2/19/2025,1/22/2025,4
The Manila Hotel,confirmed,suite,5,pool,3,3766.71,16102.99,online transfer,1/10/2025,1/17/2025,3
Grand Hyatt Manila,cancelled,double,6,spa,5,3574.59,13821.53,cash,1/13/2025,2/7/2025,1
The Manila Hotel,cancelled,double,6,pool,6,3114.9,14161.42,online transfer,1/16/2025,1/19/2025,3
Grand Hyatt Manila,confirmed,double,2,gym,2,3131.49,8951.69,credit card,1/13/2025,1/26/2025,3
The Peninsula Manila,confirmed,suite,4,gym,1,2774.35,13048.91,credit card,1/21/2025,1/26/2025,3
The Peninsula Manila,cancelled,single,8,gym,10,3371.05,20879.43,cash,1/10/2025,1/10/2025,4
Okada Manila,pending,single,1,gym,9,4103.69,10495.61,cash,1/16/2025,2/14/2025,4
The Peninsula Manila,confirmed,single,4,spa,8,2373.02,28672.55,credit card,2/7/2025,2/10/2025,1
The Peninsula Manila,confirmed,double,8,pool,8,2039.26,23397.14,online transfer,1/20/2025,1/10/2025,5
Okada Manila,pending,single,2,gym,1,3713.58,10266.67,credit card,2/7/2025,1/16/2025,4
Okada Manila,confirmed,suite,7,pool,6,3874.15,25169.7,cash,1/9/2025,1/22/2025,2
The Manila Hotel,confirmed,suite,7,spa,6,2617.7,18335.46,credit card,2/2/2025,1/17/2025,4
The Manila Hotel,cancelled,single,9,pool,3,1753.87,12342.4,online transfer,2/4/2025,1/4/2025,5
Okada Manila,pending,double,6,pool,8,3321.83,25235.03,online transfer,1/15/2025,2/13/2025,2
Grand Hyatt Manila,confirmed,suite,8,spa,8,4783.52,22466.13,cash,1/14/2025,1/18/2025,4
Grand Hyatt Manila,cancelled,suite,2,pool,10,2281.78,26256.81,cash,2/7/2025,2/6/2025,3
Okada Manila,confirmed,single,1,spa,2,2490.52,2339.17,online transfer,2/18/2025,1/21/2025,3
Grand Hyatt Manila,pending,double,1,spa,6,2384.84,19599.34,online transfer,1/5/2025,2/16/2025,1
The Manila Hotel,cancelled,double,2,gym,10,2119.63,29160.14,cash,2/14/2025,2/12/2025,4
The Peninsula Manila,pending,suite,6,gym,5,4257.37,29476.55,online transfer,1/15/2025,1/28/2025,4
The Manila Hotel,confirmed,suite,7,spa,8,2571.68,19759.57,online transfer,1/9/2025,1/12/2025,2
The Manila Hotel,confirmed,suite,10,pool,5,2956.19,10988.22,credit card,2/14/2025,1/12/2025,1
Okada Manila,confirmed,single,7,pool,5,2164.18,21381.77,online transfer,1/6/2025,2/17/2025,3
The Manila Hotel,cancelled,single,3,pool,3,3352.11,13235.91,online transfer,1/4/2025,1/10/2025,3
The Peninsula Manila,confirmed,suite,2,gym,8,3564.21,4074.48,cash,1/3/2025,1/29/2025,4
The Peninsula Manila,pending,suite,9,spa,7,1989.61,16226.73,cash,1/25/2025,1/25/2025,1
The Peninsula Manila,confirmed,single,10,gym,9,4094.9,7321.4,credit card,1/13/2025,1/15/2025,1
The Manila Hotel,cancelled,suite,9,pool,6,3391.85,15274.09,credit card,2/16/2025,2/16/2025,1
The Peninsula Manila,confirmed,suite,1,spa,1,2220.34,3475.05,online transfer,2/19/2025,2/6/2025,2
The Peninsula Manila,confirmed,double,5,spa,1,4313.72,22783.9,credit card,1/3/2025,1/7/2025,5
Grand Hyatt Manila,confirmed,single,10,spa,5,4313.41,17232.45,online transfer,2/16/2025,2/6/2025,3
Okada Manila,pending,double,1,pool,8,2407.07,2512.7,cash,1/26/2025,2/17/2025,3
The Manila Hotel,cancelled,suite,7,gym,1,4739.55,17224.52,online transfer,1/21/2025,1/27/2025,1
Okada Manila,cancelled,single,5,spa,7,4971.09,2988.19,online transfer,2/1/2025,1/23/2025,1
Okada Manila,pending,double,8,gym,5,3975.43,10141.44,cash,1/6/2025,1/24/2025,3
Grand Hyatt Manila,confirmed,double,2,gym,4,4216.69,8571.86,online transfer,2/14/2025,1/26/2025,2
The Manila Hotel,pending,double,1,pool,7,4730.07,12347.52,credit card,1/3/2025,1/30/2025,1
Okada Manila,confirmed,single,3,spa,8,1867.43,15216.22,credit card,1/31/2025,2/6/2025,1
The Peninsula Manila,confirmed,double,1,gym,9,4624.21,3725.12,online transfer,1/8/2025,2/16/2025,5
The Manila Hotel,pending,suite,9,spa,2,3680.45,15084.55,credit card,2/13/2025,1/26/2025,2
Okada Manila,pending,suite,5,gym,3,3200.46,18932.24,credit card,1/19/2025,1/21/2025,4
The Manila Hotel,confirmed,single,7,spa,10,2967.0,25318.81,online transfer,2/5/2025,1/22/2025,5
Grand Hyatt Manila,cancelled,single,1,pool,8,1583.81,21748.7,online transfer,1/19/2025,2/13/2025,2
Grand Hyatt Manila,pending,double,10,spa,3,2585.75,15971.27,online transfer,2/4/2025,1/31/2025,2
Grand Hyatt Manila,confirmed,single,4,spa,1,4143.18,27444.58,online transfer,2/1/2025,1/21/2025,3
Okada Manila,confirmed,double,10,pool,1,1902.53,8070.11,online transfer,1/11/2025,2/4/2025,5
Okada Manila,pending,suite,10,pool,6,2757.38,18394.57,cash,1/9/2025,1/30/2025,5
The Manila Hotel,pending,single,10,gym,6,3045.09,2479.53,cash,1/13/2025,1/25/2025,2
The Manila Hotel,confirmed,single,2,pool,5,4708.95,12513.21,online transfer,1/8/2025,2/4/2025,1
The Peninsula Manila,pending,suite,5,gym,3,3401.38,8928.39,cash,1/10/2025,2/5/2025,4
The Peninsula Manila,cancelled,suite,9,spa,1,3491.12,2147.96,online transfer,2/2/2025,1/19/2025,5
Okada Manila,pending,double,2,spa,9,4758.02,2957.67,credit card,1/26/2025,2/11/2025,4
The Manila Hotel,cancelled,suite,7,spa,2,3761.12,20101.93,cash,1/25/2025,2/19/2025,2
The Peninsula Manila,confirmed,single,4,pool,1,2871.19,9794.15,cash,1/8/2025,1/3/2025,4
The Peninsula Manila,cancelled,double,4,pool,1,1995.86,3836.96,online transfer,1/14/2025,1/25/2025,1
The Manila Hotel,pending,single,2,spa,2,3108.16,25439.76,cash,1/9/2025,2/17/2025,2
Okada Manila,confirmed,double,5,pool,9,4826.04,12030.02,online transfer,2/18/2025,2/3/2025,4
Grand Hyatt Manila,confirmed,single,1,pool,8,2939.75,24739.97,credit card,1/21/2025,1/3/2025,1
Grand Hyatt Manila,confirmed,double,6,gym,2,2823.88,17576.4,cash,2/14/2025,1/1/2025,4
Okada Manila,cancelled,single,3,gym,1,2065.43,4592.49,cash,2/7/2025,1/22/2025,5
Grand Hyatt Manila,pending,suite,8,pool,5,4766.3,2336.62,online transfer,1/7/2025,1/14/2025,5
Okada Manila,pending,double,6,gym,4,2872.58,28637.2,cash,1/24/2025,1/14/2025,4
Okada Manila,confirmed,suite,9,spa,5,4495.63,24750.45,credit card,1/12/2025,1/21/2025,1
Okada Manila,cancelled,double,4,pool,2,2909.51,7079.45,cash,2/2/2025,2/16/2025,3
Okada Manila,cancelled,single,1,spa,1,3807.91,3334.21,cash,1/11/2025,1/25/2025,1
The Peninsula Manila,pending,single,4,pool,6,2625.77,29616.52,cash,1/28/2025,2/19/2025,1
The Peninsula Manila,confirmed,suite,2,pool,5,4233.42,3340.39,credit card,2/16/2025,2/5/2025,4
The Peninsula Manila,cancelled,double,3,pool,4,4609.76,19647.26,credit card,2/4/2025,2/15/2025,1
Okada Manila,pending,double,6,gym,3,3065.76,6034.94,cash,1/24/2025,1/14/2025,2
The Peninsula Manila,cancelled,suite,3,pool,9,4054.09,18368.87,online transfer,1/11/2025,1/24/2025,1
The Manila Hotel,cancelled,double,6,gym,4,3467.72,24648.63,cash,1/28/2025,2/6/2025,2
The Manila Hotel,confirmed,single,10,pool,7,2850.24,14284.07,online transfer,2/18/2025,2/3/2025,3
Grand Hyatt Manila,cancelled,double,8,pool,5,3741.32,3532.45,online transfer,2/13/2025,2/15/2025,4
Grand Hyatt Manila,cancelled,double,7,spa,1,3275.68,22538.62,cash,1/9/2025,2/8/2025,5
Grand Hyatt Manila,confirmed,suite,8,pool,8,2326.13,13089.87,online transfer,1/26/2025,1/16/2025,1
Okada Manila,confirmed,suite,5,gym,3,1673.69,8112.51,online transfer,1/8/2025,1/14/2025,3
Grand Hyatt Manila,cancelled,suite,8,spa,1,2969.77,15295.42,credit card,1/13/2025,1/23/2025,4
The Manila Hotel,cancelled,double,9,spa,10,4012.91,4880.71,cash,2/6/2025,1/28/2025,5
The Manila Hotel,pending,suite,4,gym,8,3101.22,5869.28,online transfer,2/18/2025,1/30/2025,5
Okada Manila,pending,double,3,gym,7,3735.46,29365.26,cash,1/2/2025,2/3/2025,1
The Peninsula Manila,confirmed,double,3,pool,6,2690.25,14759.01,online transfer,1/17/2025,1/4/2025,5
The Manila Hotel,confirmed,suite,7,gym,8,4663.05,12807.41,credit card,1/6/2025,2/5/2025,2
The Manila Hotel,pending,double,10,pool,9,2928.15,8797.43,online transfer,2/7/2025,1/9/2025,3
The Manila Hotel,pending,suite,4,pool,10,3917.02,21181.75,online transfer,2/10/2025,1/1/2025,5
The Peninsula Manila,cancelled,single,8,gym,7,3549.95,22648.99,credit card,2/7/2025,1/28/2025,3
Grand Hyatt Manila,confirmed,single,3,gym,2,2236.58,22102.41,cash,2/1/2025,2/12/2025,1
Grand Hyatt Manila,pending,suite,3,gym,3,1634.15,16121.98,credit card,1/2/2025,2/5/2025,1
Grand Hyatt Manila,confirmed,suite,1,gym,3,3626.09,12610.58,online transfer,1/12/2025,1/31/2025,4
Grand Hyatt Manila,confirmed,suite,4,spa,1,3278.04,22517.58,cash,1/11/2025,2/3/2025,5
Grand Hyatt Manila,cancelled,double,5,gym,2,4776.66,9201.85,cash,2/14/2025,1/12/2025,2
Grand Hyatt Manila,cancelled,suite,9,pool,9,2853.58,2697.39,online transfer,2/16/2025,1/7/2025,2
The Manila Hotel,pending,single,3,spa,9,4299.57,6737.6,online transfer,1/14/2025,1/3/2025,2
Okada Manila,confirmed,single,3,gym,2,4450.87,18592.78,credit card,2/18/2025,1/11/2025,2
The Peninsula Manila,pending,suite,7,spa,5,2981.59,4818.38,cash,2/1/2025,1/16/2025,5
The Manila Hotel,confirmed,double,6,gym,3,3288.92,18323.18,online transfer,1/15/2025,1/8/2025,2
Okada Manila,cancelled,single,10,spa,9,2360.16,14054.1,online transfer,2/16/2025,2/11/2025,1
The Manila Hotel,cancelled,suite,7,gym,10,3648.6,15003.01,cash,1/30/2025,1/15/2025,1
The Manila Hotel,cancelled,suite,7,spa,2,4258.88,26668.74,credit card,1/12/2025,1/5/2025,2
The Peninsula Manila,confirmed,single,1,gym,1,4740.72,20306.49,online transfer,1/29/2025,1/20/2025,2
The Peninsula Manila,pending,single,10,pool,1,3948.4,5778.1,cash,2/10/2025,1/8/2025,4
The Manila Hotel,confirmed,single,3,spa,6,3243.35,29218.63,credit card,1/29/2025,2/17/2025,4
Grand Hyatt Manila,pending,single,4,gym,3,3512.08,7879.62,online transfer,1/30/2025,1/1/2025,5
Grand Hyatt Manila,confirmed,suite,7,pool,1,4901.28,20387.95,cash,2/8/2025,1/24/2025,5
Grand Hyatt Manila,confirmed,suite,1,pool,1,2254.22,19722.39,credit card,1/17/2025,1/2/2025,3
The Peninsula Manila,pending,single,7,gym,3,2183.02,27117.71,cash,2/9/2025,1/21/2025,2
The Manila Hotel,confirmed,double,3,spa,6,2638.68,6000.73,online transfer,2/2/2025,2/8/2025,3
The Peninsula Manila,confirmed,suite,8,gym,10,4247.75,20960.67,cash,1/7/2025,1/10/2025,3
Okada Manila,pending,double,7,spa,10,3675.23,16070.17,online transfer,2/8/2025,1/18/2025,3
The Peninsula Manila,confirmed,single,10,spa,4,4030.67,22816.15,cash,1/13/2025,1/2/2025,2
Okada Manila,confirmed,suite,9,spa,6,4080.61,25130.36,online transfer,1/3/2025,1/26/2025,3
Okada Manila,confirmed,suite,10,pool,8,3834.88,9864.49,online transfer,1/9/2025,1/28/2025,5
The Manila Hotel,pending,double,3,pool,9,4050.82,17002.68,cash,1/28/2025,1/20/2025,5
Grand Hyatt Manila,pending,double,10,spa,3,2628.83,19840.3,cash,1/21/2025,1/10/2025,5
Grand Hyatt Manila,pending,double,7,pool,8,2433.26,16448.96,online transfer,1/20/2025,1/11/2025,5
Okada Manila,pending,double,10,pool,10,1711.72,8716.99,cash,1/18/2025,1/26/2025,2
The Peninsula Manila,pending,suite,8,gym,3,3603.41,11682.83,credit card,2/3/2025,1/27/2025,4
Grand Hyatt Manila,cancelled,double,10,gym,2,4892.33,1671.06,online transfer,2/10/2025,2/15/2025,2
The Peninsula Manila,confirmed,single,9,gym,2,2022.17,4227.02,cash,1/5/2025,1/31/2025,3
The Peninsula Manila,confirmed,single,6,spa,6,4968.83,21396.02,credit card,2/5/2025,1/10/2025,3
Grand Hyatt Manila,pending,double,3,pool,10,2627.6,13983.05,credit card,2/17/2025,2/2/2025,3
The Peninsula Manila,confirmed,double,8,gym,1,3064.19,11253.37,cash,1/26/2025,1/14/2025,2
The Peninsula Manila,cancelled,double,5,spa,4,3859.78,1960.11,online transfer,2/5/2025,1/20/2025,3
Grand Hyatt Manila,pending,suite,7,spa,8,4609.18,24952.23,credit card,1/5/2025,2/5/2025,1
Okada Manila,cancelled,suite,10,pool,8,3703.16,17072.5,credit card,1/23/2025,1/29/2025,3
The Manila Hotel,cancelled,double,8,pool,4,2455.36,5037.59,credit card,2/6/2025,1/11/2025,4
Grand Hyatt Manila,cancelled,double,5,spa,10,3370.96,7500.53,online transfer,1/23/2025,1/23/2025,4
Okada Manila,cancelled,suite,2,gym,1,4066.51,10036.74,online transfer,1/31/2025,1/2/2025,5
Okada Manila,cancelled,suite,2,spa,6,2310.19,25244.77,credit card,2/6/2025,1/20/2025,3
The Peninsula Manila,confirmed,suite,6,pool,4,1604.38,6679.44,credit card,1/7/2025,1/10/2025,1
The Peninsula Manila,pending,suite,3,gym,3,4164.26,15187.04,cash,1/21/2025,1/17/2025,2
Grand Hyatt Manila,confirmed,single,1,spa,3,3212.32,2518.86,credit card,1/6/2025,2/11/2025,5
The Peninsula Manila,pending,double,4,pool,1,2387.76,7817.5,credit card,1/5/2025,2/19/2025,4
Grand Hyatt Manila,cancelled,double,9,pool,4,4396.93,24333.95,online transfer,2/16/2025,2/1/2025,5
Grand Hyatt Manila,pending,suite,4,spa,5,3029.51,23346.66,credit card,1/13/2025,2/13/2025,4
Okada Manila,confirmed,double,4,pool,6,4563.18,4623.53,cash,1/4/2025,1/30/2025,5
Okada Manila,pending,double,3,pool,9,2516.0,26784.72,cash,2/12/2025,2/9/2025,2
Okada Manila,cancelled,double,3,spa,6,3708.23,14633.71,credit card,1/21/2025,1/30/2025,5
Okada Manila,cancelled,suite,2,gym,10,3659.7,1897.14,credit card,2/8/2025,2/2/2025,3
The Peninsula Manila,pending,suite,4,spa,1,2416.89,23681.72,cash,1/12/2025,2/2/2025,2
Okada Manila,cancelled,single,4,pool,9,4245.41,18350.81,cash,1/14/2025,1/13/2025,3
The Peninsula Manila,confirmed,suite,10,pool,7,3553.17,20999.02,credit card,1/3/2025,2/5/2025,4
The Manila Hotel,confirmed,double,1,spa,2,1699.65,4796.57,online transfer,1/6/2025,2/11/2025,3
Grand Hyatt Manila,cancelled,single,9,pool,9,3643.88,1859.68,credit card,2/8/2025,1/12/2025,3
Okada Manila,pending,double,5,gym,2,3326.74,2170.44,online transfer,1/17/2025,2/19/2025,5
Grand Hyatt Manila,pending,suite,9,gym,4,2893.32,8421.74,cash,1/18/2025,1/25/2025,2
The Manila Hotel,cancelled,double,2,pool,10,3321.14,8581.63,online transfer,1/8/2025,1/8/2025,4
Grand Hyatt Manila,confirmed,suite,3,spa,3,1736.69,17683.9,online transfer,2/2/2025,1/17/2025,3
The Manila Hotel,cancelled,suite,1,gym,10,2137.37,9078.34,credit card,2/17/2025,1/11/2025,2
Okada Manila,pending,single,10,pool,9,2645.81,6147.47,cash,2/10/2025,1/22/2025,5
Okada Manila,confirmed,double,9,spa,10,2360.71,11605.71,credit card,1/5/2025,1/9/2025,4
Okada Manila,confirmed,suite,10,gym,8,3835.07,19281.78,cash,1/20/2025,1/15/2025,1
The Manila Hotel,pending,single,7,gym,1,3790.01,28021.65,cash,2/15/2025,1/29/2025,1
Okada Manila,confirmed,suite,8,spa,3,3654.54,18734.37,online transfer,1/11/2025,1/3/2025,5
Grand Hyatt Manila,cancelled,suite,6,spa,1,3278.62,5094.43,online transfer,1/13/2025,2/3/2025,4
The Manila Hotel,confirmed,double,5,pool,4,1925.95,20232.24,cash,2/4/2025,1/12/2025,3
Okada Manila,cancelled,suite,8,pool,7,2223.53,22933.2,cash,2/4/2025,2/16/2025,3
The Peninsula Manila,pending,suite,5,spa,2,3045.51,21485.55,online transfer,2/1/2025,1/15/2025,2
The Peninsula Manila,confirmed,double,5,gym,6,2604.61,3422.23,cash,1/12/2025,1/16/2025,4
The Peninsula Manila,pending,single,1,pool,10,2748.32,9633.02,credit card,1/26/2025,2/3/2025,3
Grand Hyatt Manila,pending,double,5,gym,2,2303.06,23170.94,credit card,2/6/2025,1/17/2025,5
Okada Manila,cancelled,single,5,spa,7,2338.95,11064.94,online transfer,1/25/2025,2/2/2025,2
Okada Manila,confirmed,single,4,gym,1,3783.45,28125.19,credit card,2/4/2025,1/13/2025,4
Grand Hyatt Manila,pending,suite,10,pool,2,4669.2,29037.61,credit card,1/15/2025,1/3/2025,1
Okada Manila,cancelled,single,2,spa,2,4713.81,25805.33,credit card,2/13/2025,1/15/2025,5
The Peninsula Manila,pending,single,8,gym,7,1614.78,7182.87,cash,1/23/2025,2/11/2025,5
Grand Hyatt Manila,confirmed,double,9,spa,6,4946.33,5079.14,online transfer,1/11/2025,2/7/2025,5
The Manila Hotel,cancelled,suite,7,pool,4,3575.32,2061.66,cash,2/15/2025,2/11/2025,2
Okada Manila,cancelled,suite,2,gym,4,3377.03,17568.36,online transfer,1/21/2025,2/1/2025,3
Okada Manila,confirmed,double,5,pool,5,4919.08,22672.08,cash,2/6/2025,2/10/2025,4
The Peninsula Manila,pending,double,10,gym,9,2511.74,3931.58,online transfer,1/2/2025,1/11/2025,2
Okada Manila,confirmed,single,2,spa,1,3983.18,3119.99,credit card,1/3/2025,2/15/2025,2
The Manila Hotel,confirmed,double,10,spa,9,2655.99,5929.32,cash,1/7/2025,1/8/2025,2
Okada Manila,pending,suite,7,spa,8,2943.45,10135.96,cash,1/5/2025,2/3/2025,3
Okada Manila,cancelled,suite,4,pool,6,1649.87,12425.26,credit card,1/15/2025,2/1/2025,2
The Manila Hotel,cancelled,suite,9,gym,9,2354.98,21084.57,cash,2/10/2025,2/5/2025,5
The Peninsula Manila,confirmed,suite,3,spa,9,2248.77,10228.63,online transfer,2/3/2025,1/14/2025,5
Grand Hyatt Manila,confirmed,single,10,pool,2,1648.9,4429.72,credit card,1/25/2025,1/11/2025,1
The Peninsula Manila,cancelled,double,6,spa,2,3469.58,6389.49,credit card,1/16/2025,1/13/2025,2
Grand Hyatt Manila,pending,single,6,spa,8,3979.99,15797.25,credit card,2/15/2025,1/25/2025,2
Okada Manila,cancelled,single,2,spa,1,4869.95,5891.7,online transfer,2/15/2025,1/7/2025,2
The Manila Hotel,pending,suite,4,pool,1,2183.56,9877.15,online transfer,1/18/2025,1/26/2025,5
The Peninsula Manila,confirmed,suite,2,spa,5,3597.0,6385.64,credit card,2/1/2025,1/15/2025,2
Okada Manila,cancelled,suite,8,gym,4,4713.22,11036.15,credit card,1/31/2025,2/5/2025,1
The Manila Hotel,confirmed,double,8,spa,3,4301.29,27741.62,credit card,2/16/2025,2/16/2025,5
The Peninsula Manila,pending,suite,7,spa,3,2999.03,27744.66,online transfer,1/12/2025,1/31/2025,1
Grand Hyatt Manila,cancelled,suite,6,pool,10,1708.03,12296.04,credit card,1/2/2025,1/8/2025,1
The Manila Hotel,pending,double,5,gym,7,3806.71,18815.26,cash,2/15/2025,1/22/2025,2
The Peninsula Manila,cancelled,double,5,spa,7,2962.16,4623.81,credit card,1/29/2025,1/12/2025,4
Grand Hyatt Manila,pending,double,4,gym,10,3671.74,4565.67,credit card,2/12/2025,2/12/2025,5
The Peninsula Manila,confirmed,single,8,spa,9,3840.3,10719.09,credit card,2/3/2025,2/4/2025,2
Grand Hyatt Manila,cancelled,double,3,pool,2,1911.73,11045.69,credit card,2/8/2025,2/7/2025,5
The Manila Hotel,pending,single,7,gym,9,2307.19,15961.17,credit card,2/13/2025,1/3/2025,5
The Manila Hotel,cancelled,double,9,spa,7,4996.01,22655.34,online transfer,2/19/2025,1/2/2025,1
Grand Hyatt Manila,cancelled,double,1,gym,9,1905.42,3631.02,credit card,2/11/2025,2/16/2025,3
The Manila Hotel,confirmed,single,10,gym,4,2294.42,6141.5,credit card,1/10/2025,1/15/2025,4
Okada Manila,cancelled,single,9,spa,5,1581.13,24139.14,cash,1/17/2025,2/8/2025,4
The Manila Hotel,pending,suite,8,spa,4,1586.07,8892.05,credit card,1/28/2025,1/31/2025,4
Okada Manila,confirmed,double,9,spa,3,4424.46,12755.59,cash,2/2/2025,2/7/2025,2
Grand Hyatt Manila,cancelled,suite,2,spa,10,2401.44,22506.92,cash,1/31/2025,2/7/2025,1
The Manila Hotel,cancelled,double,3,gym,5,4231.25,25764.95,cash,1/9/2025,1/23/2025,5
Okada Manila,confirmed,suite,1,gym,1,4466.4,23612.32,online transfer,1/1/2025,2/9/2025,3
The Manila Hotel,pending,single,3,spa,8,2875.9,12748.89,online transfer,2/7/2025,1/25/2025,2
Okada Manila,cancelled,single,3,pool,4,4416.58,4283.14,credit card,1/17/2025,2/3/2025,3
The Peninsula Manila,confirmed,double,6,pool,6,3202.04,3341.86,online transfer,2/17/2025,2/7/2025,2
The Peninsula Manila,cancelled,single,4,pool,1,3383.39,13752.22,cash,1/16/2025,1/14/2025,1
Okada Manila,confirmed,single,2,gym,5,4827.89,14255.51,credit card,1/28/2025,1/20/2025,4
The Peninsula Manila,confirmed,suite,9,spa,3,1952.08,9524.17,credit card,1/23/2025,1/9/2025,5
Okada Manila,pending,suite,1,spa,3,4541.46,2326.8,online transfer,1/1/2025,2/1/2025,4
The Manila Hotel,confirmed,suite,3,gym,9,3078.52,17715.16,credit card,1/20/2025,1/22/2025,5
Okada Manila,confirmed,suite,2,pool,2,2662.42,8282.93,online transfer,2/5/2025,2/2/2025,4
Grand Hyatt Manila,confirmed,single,7,gym,9,4736.21,25481.21,credit card,2/4/2025,1/27/2025,4
Okada Manila,confirmed,suite,2,gym,4,4954.64,22938.47,credit card,1/25/2025,1/19/2025,5
The Manila Hotel,pending,double,6,spa,8,4461.1,23958.01,cash,2/14/2025,2/3/2025,2
Grand Hyatt Manila,cancelled,suite,4,gym,8,2497.56,27219.59,credit card,1/5/2025,1/17/2025,5
Okada Manila,cancelled,double,5,gym,3,4367.75,8347.34,online transfer,2/7/2025,2/9/2025,3
Grand Hyatt Manila,confirmed,double,10,pool,5,2468.45,28384.46,online transfer,2/3/2025,1/31/2025,2
The Manila Hotel,pending,single,2,pool,9,1835.69,19847.86,cash,1/12/2025,2/7/2025,2
The Manila Hotel,cancelled,double,4,spa,4,4482.69,28362.26,credit card,2/12/2025,1/7/2025,5
The Manila Hotel,pending,suite,7,pool,8,2861.55,9627.31,online transfer,2/10/2025,1/22/2025,4
Okada Manila,pending,suite,8,pool,5,3388.61,23461.22,credit card,1/28/2025,2/7/2025,3
Okada Manila,confirmed,single,1,pool,4,3593.43,24140.23,cash,2/15/2025,2/6/2025,1
Grand Hyatt Manila,confirmed,suite,3,gym,9,3204.96,4691.24,credit card,1/21/2025,1/31/2025,4
Okada Manila,confirmed,double,9,pool,9,3083.13,5666.35,cash,1/13/2025,1/19/2025,2
Grand Hyatt Manila,cancelled,double,10,pool,8,3714.08,6387.74,cash,2/6/2025,1/14/2025,5
The Peninsula Manila,pending,suite,3,spa,1,4780.17,29914.29,cash,2/11/2025,2/19/2025,5
The Peninsula Manila,confirmed,suite,3,gym,10,2595.04,19984.89,online transfer,1/24/2025,2/17/2025,1
The Peninsula Manila,cancelled,double,2,spa,4,1636.17,14453.43,credit card,2/6/2025,1/4/2025,2
The Peninsula Manila,cancelled,single,6,pool,10,2252.49,18507.69,credit card,1/10/2025,1/3/2025,1
Grand Hyatt Manila,pending,suite,10,gym,4,3974.58,14199.12,online transfer,1/5/2025,2/7/2025,4
Grand Hyatt Manila,pending,double,1,spa,6,2128.76,8952.98,online transfer,1/9/2025,2/9/2025,5
The Peninsula Manila,pending,suite,8,gym,3,4331.41,9186.9,online transfer,2/2/2025,1/30/2025,5
Okada Manila,cancelled,double,9,pool,7,4160.53,16097.69,cash,1/22/2025,1/19/2025,5
The Peninsula Manila,confirmed,double,9,gym,8,4460.7,7685.69,online transfer,1/21/2025,1/12/2025,4
The Peninsula Manila,cancelled,double,6,pool,1,2366.19,20202.03,credit card,1/22/2025,1/10/2025,2
Grand Hyatt Manila,cancelled,suite,9,gym,2,4177.5,27998.51,online transfer,1/23/2025,1/1/2025,3
Grand Hyatt Manila,cancelled,suite,2,spa,1,3005.75,8628.56,credit card,2/7/2025,2/18/2025,4
Okada Manila,pending,single,4,pool,5,4669.3,24547.93,online transfer,1/23/2025,1/17/2025,1
The Peninsula Manila,confirmed,double,4,gym,4,4163.38,6753.69,credit card,1/7/2025,1/30/2025,3
Okada Manila,pending,single,10,pool,4,4516.77,29007.52,credit card,1/16/2025,1/16/2025,3
Grand Hyatt Manila,confirmed,single,9,pool,9,4517.05,16148.38,cash,2/16/2025,2/11/2025,3
Okada Manila,confirmed,single,10,gym,8,3900.3,6439.38,credit card,1/23/2025,1/29/2025,2
Grand Hyatt Manila,pending,single,7,gym,2,4254.23,2851.7,credit card,1/21/2025,2/2/2025,1
The Manila Hotel,cancelled,single,3,gym,9,3265.56,15517.18,credit card,1/20/2025,2/11/2025,4
Grand Hyatt Manila,cancelled,suite,9,pool,4,2108.74,17273.29,cash,1/27/2025,1/6/2025,2
The Peninsula Manila,cancelled,double,10,spa,3,2053.19,17532.04,credit card,1/12/2025,2/6/2025,3
Okada Manila,confirmed,double,1,spa,7,2538.27,9636.57,online transfer,2/13/2025,1/12/2025,5
Okada Manila,pending,double,4,spa,3,3400.85,4335.72,online transfer,1/20/2025,2/2/2025,2
The Peninsula Manila,confirmed,single,1,spa,6,2791.01,4752.59,credit card,2/2/2025,1/6/2025,1
The Manila Hotel,cancelled,single,7,gym,4,1635.31,17115.81,cash,1/3/2025,1/26/2025,1
The Manila Hotel,pending,double,6,spa,5,4554.44,1943.81,online transfer,2/10/2025,1/16/2025,5
Grand Hyatt Manila,pending,suite,1,spa,5,1836.94,23984.1,credit card,1/1/2025,1/12/2025,5
Grand Hyatt Manila,pending,single,4,gym,3,3122.83,9210.48,cash,1/16/2025,2/12/2025,4
Grand Hyatt Manila,pending,single,10,pool,7,2057.74,4462.6,cash,1/1/2025,1/25/2025,3
Grand Hyatt Manila,cancelled,single,8,gym,5,3532.89,8609.09,online transfer,1/24/2025,1/4/2025,4
The Manila Hotel,pending,single,9,spa,4,4959.16,29327.23,cash,2/16/2025,2/12/2025,1
Okada Manila,pending,suite,9,spa,3,3150.7,3454.13,credit card,1/4/2025,2/13/2025,1
Grand Hyatt Manila,confirmed,single,4,spa,6,4453.77,25699.9,cash,2/4/2025,2/9/2025,5
Grand Hyatt Manila,pending,double,9,gym,7,3012.95,3674.95,cash,2/17/2025,2/17/2025,1
The Peninsula Manila,confirmed,suite,6,gym,6,1857.8,14468.89,online transfer,2/7/2025,1/27/2025,2
The Manila Hotel,pending,single,4,spa,7,1575.33,13408.6,online transfer,1/21/2025,1/9/2025,3
The Manila Hotel,pending,suite,8,gym,6,2890.63,12963.5,online transfer,1/29/2025,1/10/2025,2
The Manila Hotel,cancelled,double,3,spa,1,1560.36,8303.32,online transfer,2/15/2025,1/10/2025,5
Grand Hyatt Manila,cancelled,double,2,gym,9,4439.74,28746.58,cash,2/13/2025,1/10/2025,3
Okada Manila,confirmed,suite,10,pool,6,1923.14,25631.42,cash,2/19/2025,2/17/2025,3
The Peninsula Manila,cancelled,single,1,gym,6,2597.31,6197.22,credit card,1/17/2025,2/4/2025,5
The Peninsula Manila,pending,double,9,spa,4,1824.84,28855.55,online transfer,1/6/2025,2/15/2025,3
Okada Manila,pending,double,5,gym,4,4733.94,21652.87,credit card,2/9/2025,1/28/2025,2
Okada Manila,cancelled,suite,1,spa,2,1841.41,2158.32,cash,1/8/2025,1/26/2025,2
Grand Hyatt Manila,confirmed,double,9,pool,7,2759.13,24906.45,online transfer,2/15/2025,1/15/2025,1
The Peninsula Manila,confirmed,double,5,spa,7,4286.56,27291.19,cash,1/14/2025,1/19/2025,1
The Manila Hotel,pending,single,6,spa,8,4173.15,4446.08,credit card,1/23/2025,1/30/2025,5
Okada Manila,pending,double,7,spa,10,4567.03,2168.31,cash,1/6/2025,1/8/2025,4
Okada Manila,cancelled,double,3,pool,2,3924.33,14615.05,online transfer,1/20/2025,2/3/2025,3
The Peninsula Manila,cancelled,double,8,gym,2,3506.16,27616.82,online transfer,2/12/2025,1/12/2025,2
The Manila Hotel,cancelled,suite,10,pool,8,1936.27,15128.09,online transfer,2/8/2025,2/8/2025,1
The Peninsula Manila,pending,double,4,pool,2,3819.1,7663.75,cash,1/30/2025,2/6/2025,4
Grand Hyatt Manila,confirmed,suite,6,spa,6,2119.47,8827.99,cash,2/5/2025,1/19/2025,1
The Peninsula Manila,pending,suite,2,spa,6,1978.38,26739.3,cash,1/25/2025,1/24/2025,1
Okada Manila,cancelled,suite,1,gym,4,3936.96,9782.33,credit card,2/7/2025,1/25/2025,1
The Manila Hotel,confirmed,single,6,pool,7,3318.53,6813.72,online transfer,1/14/2025,1/23/2025,4
Grand Hyatt Manila,confirmed,suite,4,gym,1,2765.09,12594.18,credit card,1/11/2025,1/1/2025,3
The Manila Hotel,pending,single,7,spa,8,3102.62,23838.76,online transfer,1/13/2025,1/11/2025,1
The Peninsula Manila,pending,suite,2,spa,5,3974.52,15272.92,credit card,1/8/2025,1/24/2025,2
The Manila Hotel,pending,double,3,pool,7,4645.33,9060.28,credit card,2/18/2025,1/31/2025,1
Grand Hyatt Manila,cancelled,single,3,pool,3,3002.48,9705.68,cash,2/3/2025,2/18/2025,2
The Peninsula Manila,cancelled,suite,8,gym,2,4247.99,3397.3,online transfer,1/4/2025,1/2/2025,4
The Peninsula Manila,pending,single,6,spa,10,2415.6,26207.83,online transfer,1/6/2025,2/13/2025,5
The Manila Hotel,pending,double,9,spa,5,3840.77,20729.65,cash,1/6/2025,2/17/2025,3
The Manila Hotel,cancelled,single,1,pool,8,4528.31,1576.19,credit card,2/9/2025,2/16/2025,3
Grand Hyatt Manila,confirmed,single,1,pool,4,2827.95,4238.76,credit card,2/3/2025,2/7/2025,2
The Peninsula Manila,confirmed,double,2,gym,8,3237.88,8228.91,online transfer,1/28/2025,1/28/2025,4
The Manila Hotel,cancelled,suite,9,spa,7,2753.19,21978.01,credit card,2/1/2025,1/18/2025,1
The Manila Hotel,pending,suite,6,spa,9,3102.23,7031.24,cash,1/17/2025,1/5/2025,4
The Peninsula Manila,confirmed,suite,3,spa,2,3581.98,17029.72,credit card,1/16/2025,2/6/2025,2
Grand Hyatt Manila,pending,double,7,gym,9,4261.28,7894.6,credit card,1/18/2025,2/3/2025,3
Okada Manila,confirmed,suite,1,pool,7,3145.02,27620.46,credit card,2/7/2025,1/4/2025,5
The Manila Hotel,confirmed,suite,10,gym,8,2476.61,4556.48,credit card,1/7/2025,2/8/2025,3
Grand Hyatt Manila,confirmed,double,5,spa,1,4172.57,3632.05,credit card,1/15/2025,1/4/2025,2
Grand Hyatt Manila,pending,double,7,gym,5,3144.52,29600.19,online transfer,1/17/2025,1/22/2025,4
Okada Manila,pending,suite,2,pool,5,2492.51,29360.57,credit card,2/6/2025,1/15/2025,2
The Peninsula Manila,pending,single,3,pool,2,4166.73,4150.01,cash,1/15/2025,1/27/2025,5
The Manila Hotel,confirmed,single,3,spa,2,1552.65,14784.47,credit card,1/1/2025,1/3/2025,3
Okada Manila,cancelled,suite,1,spa,4,3566.9,27122.54,online transfer,1/23/2025,1/27/2025,3
Grand Hyatt Manila,cancelled,suite,1,spa,10,2225.79,6517.95,credit card,1/21/2025,2/17/2025,4
The Manila Hotel,confirmed,double,3,pool,8,4345.05,17445.7,cash,1/7/2025,1/11/2025,1
The Peninsula Manila,pending,double,1,pool,9,4933.16,19481.25,credit card,1/3/2025,1/9/2025,2
Okada Manila,confirmed,single,5,pool,3,2724.69,28335.23,online transfer,1/10/2025,1/23/2025,1
The Peninsula Manila,confirmed,single,3,spa,1,1890.32,2274.55,credit card,1/25/2025,2/10/2025,4
The Manila Hotel,confirmed,double,5,gym,3,3163.7,16260.73,online transfer,1/24/2025,1/23/2025,5
The Manila Hotel,pending,single,2,pool,7,2792.34,13155.5,online transfer,2/7/2025,2/9/2025,5
The Manila Hotel,pending,double,9,spa,6,4037.48,5587.75,cash,1/24/2025,1/4/2025,3
The Manila Hotel,confirmed,double,3,gym,10,3265.96,18661.04,online transfer,1/20/2025,2/13/2025,5
The Manila Hotel,pending,suite,9,gym,1,3890.96,5098.06,cash,1/18/2025,1/1/2025,1
The Manila Hotel,pending,double,3,gym,7,3189.0,12900.38,online transfer,1/1/2025,2/17/2025,4
Grand Hyatt Manila,pending,suite,10,gym,2,4460.6,26363.9,credit card,2/1/2025,1/16/2025,4
The Peninsula Manila,cancelled,single,5,spa,7,4250.11,11499.18,credit card,2/3/2025,2/11/2025,5
The Manila Hotel,cancelled,suite,5,spa,5,3701.56,2863.99,online transfer,2/11/2025,2/13/2025,1
The Peninsula Manila,confirmed,double,1,gym,1,2090.48,12541.05,online transfer,2/1/2025,1/10/2025,2
The Manila Hotel,pending,double,7,spa,10,1966.94,23399.55,cash,1/21/2025,2/13/2025,4
The Peninsula Manila,confirmed,double,2,gym,8,2002.91,9228.45,credit card,2/16/2025,2/13/2025,5
The Peninsula Manila,pending,single,5,gym,4,4694.57,20081.61,cash,1/25/2025,2/8/2025,5
The Manila Hotel,confirmed,suite,1,pool,6,3201.55,26328.71,online transfer,2/8/2025,2/10/2025,1
Okada Manila,confirmed,suite,4,pool,1,1627.19,10380.15,credit card,1/19/2025,2/17/2025,4
Okada Manila,cancelled,double,1,spa,5,2790.2,29143.49,credit card,1/11/2025,1/15/2025,5
The Peninsula Manila,confirmed,double,7,gym,4,2032.46,18328.48,online transfer,2/5/2025,2/11/2025,4
Grand Hyatt Manila,cancelled,single,4,pool,5,2686.95,26420.63,credit card,1/22/2025,1/29/2025,1
The Peninsula Manila,confirmed,double,6,spa,2,4772.38,4275.83,online transfer,1/24/2025,1/30/2025,5
The Manila Hotel,cancelled,single,6,pool,8,2733.81,26814.58,online transfer,1/16/2025,2/19/2025,2
The Manila Hotel,cancelled,single,5,gym,6,2964.62,3423.25,credit card,2/9/2025,1/24/2025,3
The Peninsula Manila,pending,double,6,spa,7,3433.67,16054.23,credit card,1/15/2025,2/17/2025,4
The Manila Hotel,confirmed,suite,5,pool,4,2267.8,28459.43,credit card,2/6/2025,2/10/2025,1
Grand Hyatt Manila,confirmed,suite,7,spa,2,4352.27,8781.24,online transfer,1/13/2025,1/11/2025,2
Okada Manila,confirmed,single,1,pool,8,2891.78,27603.64,online transfer,1/29/2025,1/18/2025,4
Grand Hyatt Manila,cancelled,double,4,gym,6,1996.55,26641.48,cash,1/27/2025,2/16/2025,1
Okada Manila,confirmed,double,8,spa,8,2218.15,2364.23,credit card,1/30/2025,2/10/2025,5
The Peninsula Manila,pending,single,1,spa,9,1529.82,14080.45,credit card,2/16/2025,2/1/2025,3
The Peninsula Manila,pending,single,10,pool,9,3662.8,8402.28,credit card,1/8/2025,2/19/2025,2
The Manila Hotel,cancelled,single,7,gym,8,1683.5,5454.73,cash,1/6/2025,2/9/2025,3
The Manila Hotel,cancelled,double,8,pool,4,1581.54,1570.33,credit card,1/20/2025,2/8/2025,5
The Peninsula Manila,pending,double,5,pool,2,2316.68,23917.91,online transfer,2/8/2025,1/15/2025,1
Okada Manila,cancelled,single,3,pool,3,3328.67,21824.51,credit card,1/6/2025,1/21/2025,4
The Peninsula Manila,cancelled,double,4,gym,2,2136.98,25745.18,online transfer,2/16/2025,1/27/2025,4
Okada Manila,cancelled,suite,7,gym,9,2363.55,21401.07,online transfer,1/22/2025,2/13/2025,4
The Peninsula Manila,pending,suite,3,spa,2,3991.25,20592.84,cash,1/3/2025,1/2/2025,2
The Manila Hotel,cancelled,single,10,gym,6,2881.96,2097.9,online transfer,1/18/2025,1/3/2025,5
Okada Manila,pending,double,2,spa,9,2791.91,3922.4,online transfer,1/26/2025,1/10/2025,4
The Manila Hotel,pending,suite,1,spa,8,4602.68,23839.52,online transfer,1/15/2025,1/24/2025,5
The Manila Hotel,cancelled,suite,10,spa,2,1503.01,24092.77,online transfer,1/5/2025,1/21/2025,1
Okada Manila,confirmed,double,6,spa,10,1823.88,25647.63,online transfer,1/2/2025,1/12/2025,2
The Manila Hotel,confirmed,double,3,gym,9,4614.85,2939.51,online transfer,1/31/2025,1/5/2025,2
Okada Manila,confirmed,double,4,spa,6,1612.08,28688.37,cash,1/1/2025,1/20/2025,1
The Peninsula Manila,confirmed,suite,10,pool,3,3448.82,19815.4,cash,1/22/2025,2/10/2025,4
The Peninsula Manila,cancelled,double,7,pool,9,2363.24,17532.63,cash,2/3/2025,1/28/2025,2
Okada Manila,confirmed,single,8,spa,8,4063.7,8715.15,online transfer,2/7/2025,2/10/2025,1
Grand Hyatt Manila,pending,double,1,pool,7,2429.91,19102.98,credit card,1/28/2025,1/29/2025,5
Grand Hyatt Manila,pending,double,6,gym,7,4023.02,27924.91,credit card,1/3/2025,1/11/2025,1
The Manila Hotel,cancelled,suite,4,spa,5,2933.71,5404.19,cash,2/5/2025,1/31/2025,3
The Peninsula Manila,confirmed,single,6,gym,5,3493.7,11436.01,cash,2/15/2025,1/26/2025,1
Okada Manila,pending,double,10,spa,6,2005.52,20804.86,credit card,1/21/2025,1/30/2025,3
Okada Manila,confirmed,double,3,spa,2,4491.81,15267.82,online transfer,1/24/2025,2/13/2025,3
Grand Hyatt Manila,pending,single,9,spa,5,2007.19,4250.27,cash,1/23/2025,1/31/2025,5
Okada Manila,confirmed,suite,2,spa,9,3499.59,14297.3,online transfer,1/26/2025,2/16/2025,4
Okada Manila,confirmed,suite,6,gym,7,3056.17,3426.73,online transfer,2/17/2025,1/12/2025,1
Grand Hyatt Manila,pending,suite,2,gym,4,2418.51,3416.13,online transfer,2/7/2025,1/20/2025,5
Grand Hyatt Manila,pending,suite,8,pool,2,3545.44,1671.5,online transfer,2/15/2025,1/2/2025,4
The Peninsula Manila,pending,suite,8,gym,5,3374.03,18457.02,cash,1/29/2025,1/4/2025,2
Okada Manila,pending,double,3,pool,4,3356.99,20778.7,cash,2/19/2025,1/17/2025,1
Grand Hyatt Manila,pending,single,6,spa,9,3353.76,21943.82,cash,1/28/2025,1/5/2025,4
The Peninsula Manila,pending,single,1,pool,1,1790.53,4138.42,online transfer,1/23/2025,2/17/2025,5
The Manila Hotel,confirmed,double,8,pool,5,4642.0,22053.8,cash,1/8/2025,1/12/2025,4
Grand Hyatt Manila,confirmed,double,9,spa,5,3185.47,17626.23,cash,1/29/2025,1/19/2025,1
Grand Hyatt Manila,confirmed,double,7,gym,7,4746.51,29703.72,credit card,1/16/2025,1/18/2025,1
Okada Manila,pending,single,2,gym,9,4232.94,22325.19,credit card,2/16/2025,2/11/2025,1
Grand Hyatt Manila,cancelled,suite,4,gym,9,2684.36,14426.04,online transfer,2/12/2025,1/28/2025,5
The Peninsula Manila,confirmed,single,8,pool,4,3972.34,26239.33,credit card,1/22/2025,1/28/2025,3
Grand Hyatt Manila,cancelled,double,10,gym,6,3584.09,7712.38,credit card,1/8/2025,1/9/2025,3
Grand Hyatt Manila,pending,suite,10,pool,3,3392.24,12212.63,credit card,2/1/2025,2/2/2025,1
Okada Manila,confirmed,double,7,gym,2,2061.14,10801.77,cash,2/17/2025,1/27/2025,4
The Manila Hotel,cancelled,single,3,spa,5,3550.93,22004.53,online transfer,1/31/2025,1/1/2025,3
The Manila Hotel,confirmed,single,7,gym,8,2513.82,15955.73,online transfer,2/3/2025,2/2/2025,5
Okada Manila,confirmed,double,6,pool,6,3522.98,8893.52,online transfer,2/17/2025,1/27/2025,2
The Manila Hotel,pending,suite,8,pool,1,3357.83,11497.38,online transfer,1/18/2025,1/6/2025,5
Okada Manila,cancelled,suite,5,pool,1,4055.14,9042.51,online transfer,1/28/2025,1/7/2025,3
The Manila Hotel,cancelled,suite,8,gym,3,2889.86,24088.59,online transfer,2/1/2025,2/14/2025,5
The Manila Hotel,pending,double,7,spa,8,3437.74,10966.69,credit card,1/13/2025,2/19/2025,3
Okada Manila,pending,single,10,pool,4,1719.65,6534.81,online transfer,2/14/2025,1/15/2025,5
The Manila Hotel,confirmed,single,2,gym,9,1590.49,25548.39,online transfer,1/16/2025,1/4/2025,3
Okada Manila,pending,single,10,pool,1,2995.07,3504.53,cash,1/1/2025,1/22/2025,1
The Manila Hotel,confirmed,double,3,spa,10,3724.86,10849.52,cash,1/4/2025,1/8/2025,1
The Manila Hotel,confirmed,suite,9,gym,10,4972.27,9404.87,online transfer,1/28/2025,1/3/2025,3
The Peninsula Manila,cancelled,double,5,pool,3,1924.86,22201.87,credit card,2/16/2025,1/16/2025,3
The Manila Hotel,cancelled,double,10,spa,4,2845.55,23362.36,cash,2/7/2025,1/4/2025,4
The Manila Hotel,confirmed,double,5,pool,3,4300.68,6145.8,online transfer,1/9/2025,1/6/2025,1
Grand Hyatt Manila,cancelled,single,10,pool,8,2225.44,27109.11,credit card,1/12/2025,1/18/2025,3
The Manila Hotel,cancelled,suite,8,gym,6,3292.85,19214.62,online transfer,2/1/2025,1/19/2025,5
The Peninsula Manila,pending,suite,4,spa,5,2822.57,20478.91,cash,1/27/2025,2/9/2025,3
The Manila Hotel,confirmed,double,4,spa,6,4155.44,20057.85,cash,1/8/2025,2/18/2025,5
Grand Hyatt Manila,cancelled,double,8,pool,2,2923.31,3256.81,credit card,1/9/2025,2/4/2025,3
Okada Manila,cancelled,double,2,gym,10,4403.79,5653.24,cash,1/4/2025,1/2/2025,3
The Manila Hotel,pending,suite,7,pool,5,4208.67,5205.09,online transfer,1/15/2025,1/24/2025,1
The Peninsula Manila,confirmed,suite,9,gym,7,4879.59,21979.15,cash,1/1/2025,2/14/2025,2
Grand Hyatt Manila,confirmed,suite,7,spa,8,2639.54,23326.9,cash,2/14/2025,2/19/2025,3
The Manila Hotel,confirmed,single,8,spa,5,1852.86,25645.09,credit card,1/13/2025,1/25/2025,4
The Manila Hotel,confirmed,single,2,pool,10,1712.31,2051.46,credit card,2/6/2025,1/7/2025,3
The Manila Hotel,pending,suite,9,pool,2,4137.91,22711.61,credit card,1/11/2025,1/17/2025,5
Okada Manila,pending,double,10,gym,9,2245.04,11376.89,online transfer,1/29/2025,1/24/2025,3
The Manila Hotel,pending,double,3,gym,10,4856.49,14380.56,cash,1/21/2025,2/9/2025,5
Grand Hyatt Manila,cancelled,double,4,gym,10,2992.9,13755.97,cash,1/12/2025,1/7/2025,4
Grand Hyatt Manila,confirmed,suite,3,spa,1,3686.45,9907.36,credit card,1/18/2025,1/16/2025,4
The Manila Hotel,confirmed,suite,6,spa,3,4669.77,17611.53,credit card,1/26/2025,1/30/2025,4
Okada Manila,pending,suite,4,spa,9,1714.17,13922.97,online transfer,1/28/2025,2/18/2025,1
Grand Hyatt Manila,cancelled,single,8,spa,2,3140.11,27268.11,credit card,2/15/2025,1/30/2025,3
Grand Hyatt Manila,cancelled,single,4,gym,8,2286.66,6113.14,cash,2/11/2025,1/23/2025,5
The Manila Hotel,pending,double,8,gym,2,3637.75,5776.23,cash,2/16/2025,1/15/2025,5
Grand Hyatt Manila,pending,suite,7,pool,2,4979.74,26485.85,credit card,1/30/2025,1/18/2025,4
The Manila Hotel,pending,suite,10,gym,6,4678.16,24831.37,cash,2/2/2025,1/11/2025,2
Grand Hyatt Manila,confirmed,double,3,gym,3,2199.42,24219.52,cash,2/5/2025,2/11/2025,5
The Manila Hotel,cancelled,single,9,gym,3,1641.64,6781.17,online transfer,1/9/2025,1/23/2025,5
The Manila Hotel,pending,double,2,pool,1,1667.07,14923.55,credit card,2/3/2025,2/9/2025,2
The Peninsula Manila,cancelled,double,10,pool,5,4052.71,7866.9,cash,1/1/2025,1/5/2025,3
Okada Manila,pending,double,2,spa,7,4994.6,14787.47,cash,2/17/2025,1/13/2025,5
Okada Manila,confirmed,single,9,gym,5,2720.08,24111.41,cash,1/21/2025,2/2/2025,2
The Peninsula Manila,pending,double,7,pool,5,2951.31,25883.1,online transfer,2/3/2025,2/15/2025,2
Okada Manila,cancelled,double,7,spa,8,3488.4,14426.52,online transfer,1/9/2025,1/24/2025,4
Okada Manila,confirmed,single,9,pool,8,4798.35,12589.87,cash,2/7/2025,1/13/2025,5
Okada Manila,confirmed,single,3,spa,4,1561.52,4367.58,online transfer,1/20/2025,1/8/2025,4
The Manila Hotel,confirmed,suite,3,spa,6,1744.36,23280.78,credit card,1/10/2025,1/1/2025,5
Grand Hyatt Manila,cancelled,double,9,gym,10,2407.46,14800.3,online transfer,1/30/2025,1/17/2025,5
The Manila Hotel,cancelled,double,3,pool,6,4314.08,16506.11,credit card,1/15/2025,1/23/2025,3
Okada Manila,pending,double,2,gym,3,4082.01,1737.79,online transfer,2/18/2025,2/18/2025,4
Okada Manila,confirmed,double,4,spa,5,3892.25,11961.34,cash,1/17/2025,1/6/2025,1
Okada Manila,confirmed,double,9,gym,9,2843.16,20561.19,credit card,1/23/2025,2/14/2025,4
Okada Manila,confirmed,single,8,spa,3,4063.28,2815.19,credit card,2/12/2025,2/13/2025,3
The Peninsula Manila,cancelled,suite,5,spa,7,4659.36,18810.36,cash,2/19/2025,1/28/2025,1
The Manila Hotel,pending,double,4,gym,8,4099.87,26697.29,cash,1/6/2025,1/23/2025,3
The Manila Hotel,confirmed,double,7,gym,8,4119.11,18158.89,credit card,2/11/2025,1/30/2025,3
The Peninsula Manila,pending,suite,3,spa,6,2968.35,9344.19,cash,2/2/2025,2/10/2025,4
Okada Manila,cancelled,suite,6,spa,3,2403.35,25395.37,cash,1/30/2025,1/19/2025,3
Okada Manila,pending,double,2,spa,7,2661.27,22746.87,credit card,1/19/2025,1/27/2025,5
Grand Hyatt Manila,confirmed,double,6,gym,8,2664.22,21091.92,cash,1/30/2025,2/15/2025,1
Grand Hyatt Manila,cancelled,suite,10,pool,1,3224.59,18983.92,cash,2/19/2025,1/21/2025,3
The Manila Hotel,cancelled,double,1,spa,1,4777.92,21928.56,online transfer,2/14/2025,2/2/2025,3
Okada Manila,pending,double,10,spa,9,4798.48,3103.88,credit card,2/6/2025,2/18/2025,5
The Peninsula Manila,confirmed,double,1,spa,8,4327.51,15546.77,cash,1/23/2025,1/10/2025,3
The Manila Hotel,pending,single,9,gym,2,4321.73,5877.18,cash,1/6/2025,1/23/2025,2
Grand Hyatt Manila,cancelled,suite,10,gym,3,3256.62,6733.73,cash,1/30/2025,1/29/2025,3
Okada Manila,cancelled,single,5,pool,2,4401.03,5808.62,cash,2/3/2025,1/20/2025,3
The Manila Hotel,cancelled,suite,5,gym,9,2614.42,22873.81,credit card,1/4/2025,1/4/2025,4
The Manila Hotel,cancelled,single,1,gym,2,4229.63,16353.06,credit card,1/13/2025,1/18/2025,3
Okada Manila,pending,single,3,pool,3,1836.83,20692.04,online transfer,1/6/2025,1/16/2025,4
The Peninsula Manila,confirmed,suite,4,pool,6,4288.14,29268.02,credit card,1/18/2025,1/9/2025,5
The Manila Hotel,pending,suite,5,gym,4,4785.54,26925.08,cash,1/17/2025,2/11/2025,4
Okada Manila,cancelled,double,6,pool,9,3960.44,22800.84,online transfer,2/17/2025,2/13/2025,5
The Manila Hotel,confirmed,single,5,spa,7,4806.06,9494.97,online transfer,2/16/2025,1/6/2025,4
Okada Manila,cancelled,double,1,spa,7,3226.39,24954.15,online transfer,1/30/2025,1/25/2025,1
Grand Hyatt Manila,confirmed,double,7,gym,6,3499.17,17546.4,credit card,1/13/2025,1/18/2025,1
The Peninsula Manila,pending,suite,8,gym,2,3576.32,23683.87,credit card,1/14/2025,1/21/2025,4
The Manila Hotel,pending,single,8,gym,7,2026.61,28520.9,cash,1/6/2025,1/4/2025,3
The Manila Hotel,confirmed,double,10,spa,8,3185.49,13182.24,online transfer,2/14/2025,1/14/2025,1
The Peninsula Manila,confirmed,suite,10,gym,9,2888.47,7692.06,cash,2/2/2025,1/22/2025,1
The Peninsula Manila,confirmed,single,5,spa,2,4830.55,3515.26,credit card,1/20/2025,1/28/2025,4
The Manila Hotel,cancelled,double,10,spa,5,2319.81,22733.81,credit card,1/11/2025,1/26/2025,3
The Manila Hotel,pending,single,1,spa,2,4556.46,11987.64,credit card,2/14/2025,2/8/2025,3
Grand Hyatt Manila,cancelled,double,7,spa,7,3434.21,23175.65,online transfer,2/14/2025,2/14/2025,4
Grand Hyatt Manila,confirmed,suite,6,gym,1,1764.18,4936.31,online transfer,1/10/2025,1/22/2025,5
The Manila Hotel,pending,suite,5,pool,10,3745.34,23824.39,cash,2/19/2025,1/12/2025,3
The Manila Hotel,pending,single,7,gym,9,2687.35,28559.68,credit card,1/22/2025,1/1/2025,4
The Manila Hotel,confirmed,double,5,spa,7,3358.12,8593.07,credit card,1/9/2025,2/17/2025,1
Grand Hyatt Manila,confirmed,suite,8,pool,10,4452.66,26322.7,credit card,2/2/2025,2/17/2025,4
Okada Manila,cancelled,single,5,pool,9,3073.84,16107.03,online transfer,1/22/2025,1/28/2025,4
Grand Hyatt Manila,confirmed,suite,4,spa,9,4797.36,8608.07,credit card,1/23/2025,2/9/2025,1
Okada Manila,cancelled,suite,8,gym,7,2593.65,10071.11,online transfer,1/10/2025,2/17/2025,1
Grand Hyatt Manila,confirmed,double,2,gym,6,2743.69,3292.71,online transfer,1/1/2025,2/3/2025,4
The Manila Hotel,pending,suite,5,spa,2,3964.0,17970.6,credit card,2/9/2025,1/21/2025,4
Grand Hyatt Manila,confirmed,single,7,pool,7,4784.16,22882.46,online transfer,1/30/2025,1/23/2025,4
Grand Hyatt Manila,cancelled,single,5,spa,10,2056.38,27551.39,cash,1/23/2025,2/7/2025,1
Grand Hyatt Manila,cancelled,suite,9,pool,4,4247.07,26229.84,cash,1/1/2025,1/8/2025,1
The Manila Hotel,cancelled,double,1,pool,2,2573.12,18115.74,credit card,2/19/2025,1/31/2025,1
Okada Manila,pending,suite,8,pool,3,2397.41,27234.96,online transfer,1/22/2025,2/1/2025,2
Grand Hyatt Manila,cancelled,suite,7,gym,7,4617.21,8084.12,credit card,2/16/2025,1/24/2025,3
The Manila Hotel,confirmed,suite,5,spa,4,3140.95,27343.35,cash,1/26/2025,2/14/2025,3
Okada Manila,cancelled,single,6,spa,9,4109.37,10488.4,credit card,2/2/2025,1/17/2025,2
Grand Hyatt Manila,confirmed,suite,3,pool,7,4933.84,14769.54,credit card,2/5/2025,2/2/2025,5
The Peninsula Manila,cancelled,suite,10,pool,9,1730.63,23223.91,cash,1/24/2025,1/14/2025,1
The Manila Hotel,cancelled,double,4,pool,8,3802.15,22912.43,credit card,2/18/2025,2/8/2025,1
The Manila Hotel,pending,single,1,pool,2,3275.83,5475.87,online transfer,2/7/2025,1/29/2025,3
Okada Manila,pending,suite,1,spa,6,2978.45,7503.81,credit card,2/16/2025,2/8/2025,1
The Peninsula Manila,pending,double,8,pool,4,4624.52,10849.16,credit card,2/10/2025,2/13/2025,4
Grand Hyatt Manila,pending,suite,8,pool,4,2479.19,1831.83,credit card,1/6/2025,2/4/2025,2
Okada Manila,pending,single,2,gym,1,1881.95,26636.15,cash,2/3/2025,1/19/2025,2
The Manila Hotel,cancelled,suite,5,gym,7,4679.82,23578.75,online transfer,2/12/2025,1/15/2025,5
The Peninsula Manila,pending,double,6,gym,1,2773.51,13223.59,credit card,2/12/2025,2/13/2025,5
The Manila Hotel,cancelled,suite,2,gym,2,2358.6,13021.2,online transfer,2/10/2025,1/9/2025,4
The Peninsula Manila,confirmed,single,4,spa,5,4518.28,9583.34,online transfer,2/6/2025,2/3/2025,5
Grand Hyatt Manila,cancelled,double,5,spa,5,4784.09,3019.24,cash,2/8/2025,1/20/2025,2
Grand Hyatt Manila,pending,suite,2,gym,6,4416.04,22838.89,online transfer,1/3/2025,1/10/2025,1
Okada Manila,pending,single,4,spa,7,4492.26,22573.4,credit card,1/31/2025,1/30/2025,1
The Manila Hotel,cancelled,double,1,spa,7,2512.12,12415.34,cash,1/6/2025,2/3/2025,4
Okada Manila,cancelled,single,8,pool,7,2197.69,16051.29,credit card,1/11/2025,1/20/2025,4
The Manila Hotel,cancelled,suite,6,spa,9,1678.02,6185.99,cash,2/4/2025,1/18/2025,2
Grand Hyatt Manila,pending,double,6,pool,10,3870.22,22019.03,credit card,1/11/2025,1/14/2025,3
The Peninsula Manila,confirmed,single,6,gym,7,1784.06,19187.36,credit card,1/9/2025,1/29/2025,3
The Peninsula Manila,pending,single,10,gym,5,3456.07,22490.54,credit card,1/6/2025,1/14/2025,2
The Peninsula Manila,confirmed,suite,8,gym,8,4450.46,19311.38,cash,1/29/2025,1/28/2025,4
Grand Hyatt Manila,pending,single,7,gym,5,3844.61,9050.46,online transfer,1/16/2025,2/14/2025,3
Okada Manila,cancelled,double,1,spa,4,4233.15,24115.25,online transfer,2/10/2025,1/8/2025,5
Grand Hyatt Manila,cancelled,suite,5,spa,6,3900.7,29016.86,cash,1/10/2025,1/26/2025,5
Grand Hyatt Manila,confirmed,single,9,pool,9,3310.27,16151.88,online transfer,2/7/2025,2/9/2025,1
Grand Hyatt Manila,cancelled,single,2,gym,9,2921.74,4917.46,online transfer,2/4/2025,1/25/2025,3
The Peninsula Manila,cancelled,suite,7,gym,2,3627.16,28063.37,credit card,2/10/2025,2/10/2025,4
The Peninsula Manila,confirmed,double,7,gym,8,3244.26,25808.1,cash,1/21/2025,1/10/2025,5
Okada Manila,confirmed,double,2,pool,9,3425.43,9097.9,cash,1/14/2025,1/31/2025,3
The Peninsula Manila,cancelled,double,7,gym,4,3283.19,11862.81,online transfer,2/3/2025,2/15/2025,2
Okada Manila,cancelled,suite,2,spa,10,3922.4,27747.76,credit card,1/7/2025,1/11/2025,1
The Manila Hotel,cancelled,single,7,spa,1,3191.74,22530.5,online transfer,1/2/2025,2/16/2025,4
Grand Hyatt Manila,pending,double,8,spa,1,4696.67,6169.13,cash,2/15/2025,2/10/2025,3
Okada Manila,confirmed,suite,6,gym,8,4743.13,6289.69,credit card,1/25/2025,1/22/2025,2
The Manila Hotel,confirmed,suite,5,spa,3,3824.71,10194.89,online transfer,1/19/2025,1/30/2025,2
Grand Hyatt Manila,pending,suite,1,spa,5,3953.95,7002.71,online transfer,2/6/2025,2/1/2025,3
Grand Hyatt Manila,cancelled,single,7,pool,8,4516.48,11675.05,online transfer,1/22/2025,1/16/2025,2
Okada Manila,confirmed,suite,8,pool,7,3722.32,19409.06,cash,1/8/2025,1/9/2025,2
The Peninsula Manila,confirmed,suite,3,spa,10,4675.13,25147.49,online transfer,1/12/2025,2/15/2025,5
The Manila Hotel,cancelled,single,1,spa,6,1776.7,22010.36,credit card,2/3/2025,1/27/2025,5
Grand Hyatt Manila,pending,single,7,gym,3,3144.18,24986.08,cash,1/17/2025,2/14/2025,5
The Peninsula Manila,pending,suite,6,pool,2,3423.16,15991.97,online transfer,1/19/2025,1/22/2025,1
Okada Manila,pending,double,10,gym,7,2971.67,2067.01,credit card,1/22/2025,1/18/2025,2
Okada Manila,cancelled,suite,7,pool,5,2636.76,5229.16,online transfer,2/10/2025,1/21/2025,2
Grand Hyatt Manila,confirmed,single,8,gym,8,3967.76,24175.02,credit card,2/18/2025,1/1/2025,1
The Manila Hotel,pending,suite,2,spa,5,3546.41,24945.17,online transfer,2/2/2025,2/19/2025,4
