date,region,production_metric_tons
2025-01-01,Region II - Cagayan Valley,1207.45
2025-01-02,Region II - Cagayan Valley,1240.52
2025-01-03,Region II - Cagayan Valley,1265.46
2025-01-04,Region II - Cagayan Valley,1255.04
2025-01-05,Region II - Cagayan Valley,1188.79
2025-01-06,Region II - Cagayan Valley,1165.24
2025-01-07,Region II - Cagayan Valley,1205.6
2025-01-08,Region II - Cagayan Valley,1236.01
2025-01-09,Region II - Cagayan Valley,1260.05
2025-01-10,Region II - Cagayan Valley,1288.38
2025-01-11,Region II - Cagayan Valley,1249.74
2025-01-12,Region II - Cagayan Valley,1209.82
2025-01-13,Region II - Cagayan Valley,1196.88
2025-01-14,Region II - Cagayan Valley,1177.71
2025-01-15,Region II - Cagayan Valley,1223.13
2025-01-16,Region II - Cagayan Valley,1283.16
2025-01-17,Region II - Cagayan Valley,1289.55
2025-01-18,Region II - Cagayan Valley,1285.91
2025-01-19,Region II - Cagayan Valley,1227.69
2025-01-20,Region II - Cagayan Valley,1196.57
2025-01-21,Region II - Cagayan Valley,1252.89
2025-01-22,Region II - Cagayan Valley,1270.11
2025-01-23,Region II - Cagayan Valley,1317.1
2025-01-24,Region II - Cagayan Valley,1307.88
2025-01-25,Region II - Cagayan Valley,1297.53
2025-01-26,Region II - Cagayan Valley,1267.47
2025-01-27,Region II - Cagayan Valley,1224.99
2025-01-28,Region II - Cagayan Valley,1261.04
2025-01-29,Region II - Cagayan Valley,1288.99
2025-01-30,Region II - Cagayan Valley,1336.22
2025-01-31,Region II - Cagayan Valley,1344.72
2025-02-01,Region II - Cagayan Valley,1357.98
2025-02-02,Region II - Cagayan Valley,1290.1
2025-02-03,Region II - Cagayan Valley,1250.89
2025-02-04,Region II - Cagayan Valley,1292.25
2025-02-05,Region II - Cagayan Valley,1304.19
2025-02-06,Region II - Cagayan Valley,1368.22
2025-02-07,Region II - Cagayan Valley,1348.85
2025-02-08,Region II - Cagayan Valley,1334.77
2025-02-09,Region II - Cagayan Valley,1317.76
2025-02-10,Region II - Cagayan Valley,1302.33
2025-02-11,Region II - Cagayan Valley,1306.98
2025-02-12,Region II - Cagayan Valley,1345.27
2025-02-13,Region II - Cagayan Valley,1385.08
2025-02-14,Region II - Cagayan Valley,1380.57
2025-02-15,Region II - Cagayan Valley,1368.4
2025-02-16,Region II - Cagayan Valley,1332.4
2025-02-17,Region II - Cagayan Valley,1331.61
2025-02-18,Region II - Cagayan Valley,1334.06
2025-02-19,Region II - Cagayan Valley,1345.05
2025-02-20,Region II - Cagayan Valley,1418.95
2025-02-21,Region II - Cagayan Valley,1421.47
2025-02-22,Region II - Cagayan Valley,1393.54
2025-02-23,Region II - Cagayan Valley,1372.98
2025-02-24,Region II - Cagayan Valley,1355.72
2025-02-25,Region II - Cagayan Valley,1367.38
2025-02-26,Region II - Cagayan Valley,1383.41
2025-02-27,Region II - Cagayan Valley,1433.95
2025-02-28,Region II - Cagayan Valley,1456.72
2025-03-01,Region II - Cagayan Valley,1442.83
2025-03-02,Region II - Cagayan Valley,1381.12
2025-03-03,Region II - Cagayan Valley,1361.97
2025-03-04,Region II - Cagayan Valley,1361.31
2025-03-05,Region II - Cagayan Valley,1402.56
2025-03-06,Region II - Cagayan Valley,1475.28
2025-03-07,Region II - Cagayan Valley,1496.59
2025-03-08,Region II - Cagayan Valley,1451.61
2025-03-09,Region II - Cagayan Valley,1427.86
2025-03-10,Region II - Cagayan Valley,1394.68
2025-03-11,Region II - Cagayan Valley,1392.73
2025-03-12,Region II - Cagayan Valley,1450.42
2025-03-13,Region II - Cagayan Valley,1510.66
2025-03-14,Region II - Cagayan Valley,1500.21
2025-03-15,Region II - Cagayan Valley,1500.66
2025-03-16,Region II - Cagayan Valley,1398.01
2025-03-17,Region II - Cagayan Valley,1426.08
2025-03-18,Region II - Cagayan Valley,1428.21
2025-03-19,Region II - Cagayan Valley,1465.01
2025-03-20,Region II - Cagayan Valley,1513.47
2025-03-21,Region II - Cagayan Valley,1495.43
2025-03-22,Region II - Cagayan Valley,1498.4
2025-03-23,Region II - Cagayan Valley,1467.16
2025-03-24,Region II - Cagayan Valley,1460.42
2025-03-25,Region II - Cagayan Valley,1443.63
2025-03-26,Region II - Cagayan Valley,1481.87
2025-03-27,Region II - Cagayan Valley,1529.07
2025-03-28,Region II - Cagayan Valley,1563.48
2025-03-29,Region II - Cagayan Valley,1531.13
2025-03-30,Region II - Cagayan Valley,1478.36
2025-03-31,Region II - Cagayan Valley,1470.45
2025-04-01,Region II - Cagayan Valley,1477.36
2025-04-02,Region II - Cagayan Valley,1533.03
2025-04-03,Region II - Cagayan Valley,1550.56
2025-04-04,Region II - Cagayan Valley,1569.33
2025-04-05,Region II - Cagayan Valley,1544.81
2025-04-06,Region II - Cagayan Valley,1488.85
2025-04-07,Region II - Cagayan Valley,1491.7
2025-04-08,Region II - Cagayan Valley,1504.32
2025-04-09,Region II - Cagayan Valley,1543.08
2025-04-10,Region II - Cagayan Valley,1582.07
2025-04-11,Region II - Cagayan Valley,1577.52
2025-04-12,Region II - Cagayan Valley,1568.88
2025-04-13,Region II - Cagayan Valley,1530.17
2025-04-14,Region II - Cagayan Valley,1499.72
2025-04-15,Region II - Cagayan Valley,1522.49
2025-04-16,Region II - Cagayan Valley,1573.56
2025-04-17,Region II - Cagayan Valley,1638.38
2025-04-18,Region II - Cagayan Valley,1625.87
2025-04-19,Region II - Cagayan Valley,1603.56
2025-04-20,Region II - Cagayan Valley,1558.69
2025-04-21,Region II - Cagayan Valley,1507.47
2025-04-22,Region II - Cagayan Valley,1549.01
2025-04-23,Region II - Cagayan Valley,1592.9
2025-04-24,Region II - Cagayan Valley,1671.54
2025-04-25,Region II - Cagayan Valley,1644.86
2025-04-26,Region II - Cagayan Valley,1628.72
2025-04-27,Region II - Cagayan Valley,1583.79
2025-04-28,Region II - Cagayan Valley,1543.22
2025-04-29,Region II - Cagayan Valley,1591.05
2025-04-30,Region II - Cagayan Valley,1627.78
2025-05-01,Region II - Cagayan Valley,1670.96
2025-05-02,Region II - Cagayan Valley,1658.61
2025-05-03,Region II - Cagayan Valley,1669.74
2025-05-04,Region II - Cagayan Valley,1587.78
2025-05-05,Region II - Cagayan Valley,1594.06
2025-05-06,Region II - Cagayan Valley,1631.27
2025-05-07,Region II - Cagayan Valley,1626.14
2025-05-08,Region II - Cagayan Valley,1675.1
2025-05-09,Region II - Cagayan Valley,1698.24
2025-05-10,Region II - Cagayan Valley,1665.64
2025-05-11,Region II - Cagayan Valley,1610.05
2025-05-12,Region II - Cagayan Valley,1610.78
2025-05-13,Region II - Cagayan Valley,1606.97
2025-05-14,Region II - Cagayan Valley,1672.6
2025-05-15,Region II - Cagayan Valley,1694.3
2025-05-16,Region II - Cagayan Valley,1744.5
2025-05-17,Region II - Cagayan Valley,1685.95
2025-05-18,Region II - Cagayan Valley,1652.97
2025-05-19,Region II - Cagayan Valley,1646.46
2025-05-20,Region II - Cagayan Valley,1628.95
2025-05-21,Region II - Cagayan Valley,1693.41
2025-05-22,Region II - Cagayan Valley,1752.2
2025-05-23,Region II - Cagayan Valley,1721.63
2025-05-24,Region II - Cagayan Valley,1724.96
2025-05-25,Region II - Cagayan Valley,1686.2
2025-05-26,Region II - Cagayan Valley,1670.48
2025-05-27,Region II - Cagayan Valley,1653.35
2025-05-28,Region II - Cagayan Valley,1694.69
2025-05-29,Region II - Cagayan Valley,1764.92
2025-05-30,Region II - Cagayan Valley,1774.7
2025-05-31,Region II - Cagayan Valley,1750.45
2025-06-01,Region II - Cagayan Valley,1712.0
2025-06-02,Region II - Cagayan Valley,1673.05
2025-06-03,Region II - Cagayan Valley,1699.89
2025-06-04,Region II - Cagayan Valley,1743.4
2025-06-05,Region II - Cagayan Valley,1770.88
2025-06-06,Region II - Cagayan Valley,1822.73
2025-06-07,Region II - Cagayan Valley,1778.3
2025-06-08,Region II - Cagayan Valley,1713.44
2025-06-09,Region II - Cagayan Valley,1717.6
2025-06-10,Region II - Cagayan Valley,1706.29
2025-06-11,Region II - Cagayan Valley,1775.31
2025-06-12,Region II - Cagayan Valley,1823.47
2025-06-13,Region II - Cagayan Valley,1806.94
2025-06-14,Region II - Cagayan Valley,1810.14
2025-06-15,Region II - Cagayan Valley,1762.0
2025-06-16,Region II - Cagayan Valley,1744.58
2025-06-17,Region II - Cagayan Valley,1773.86
2025-06-18,Region II - Cagayan Valley,1784.32
2025-06-19,Region II - Cagayan Valley,1819.29
2025-06-20,Region II - Cagayan Valley,1830.4
2025-06-21,Region II - Cagayan Valley,1807.96
2025-06-22,Region II - Cagayan Valley,1779.15
2025-06-23,Region II - Cagayan Valley,1761.87
2025-06-24,Region II - Cagayan Valley,1774.06
2025-06-25,Region II - Cagayan Valley,1824.91
2025-06-26,Region II - Cagayan Valley,1855.29
2025-06-27,Region II - Cagayan Valley,1890.05
2025-06-28,Region II - Cagayan Valley,1840.72
2025-06-29,Region II - Cagayan Valley,1845.61
2025-06-30,Region II - Cagayan Valley,1790.64
2025-07-01,Region II - Cagayan Valley,1781.55
2025-07-02,Region II - Cagayan Valley,1820.94
2025-07-03,Region II - Cagayan Valley,1886.83
2025-07-04,Region II - Cagayan Valley,1889.39
2025-07-05,Region II - Cagayan Valley,1879.9
2025-07-06,Region II - Cagayan Valley,1836.4
2025-07-07,Region II - Cagayan Valley,1804.66
2025-07-08,Region II - Cagayan Valley,1806.21
2025-07-09,Region II - Cagayan Valley,1838.78
2025-07-10,Region II - Cagayan Valley,1897.39
2025-07-11,Region II - Cagayan Valley,1930.09
2025-07-12,Region II - Cagayan Valley,1896.91
2025-07-13,Region II - Cagayan Valley,1835.12
2025-07-14,Region II - Cagayan Valley,1832.85
2025-07-15,Region II - Cagayan Valley,1849.19
2025-07-16,Region II - Cagayan Valley,1872.74
2025-07-17,Region II - Cagayan Valley,1930.9
2025-07-18,Region II - Cagayan Valley,1942.62
2025-07-19,Region II - Cagayan Valley,1901.05
2025-07-20,Region II - Cagayan Valley,1883.67
2025-07-21,Region II - Cagayan Valley,1863.17
2025-07-22,Region II - Cagayan Valley,1884.15
2025-07-23,Region II - Cagayan Valley,1926.31
2025-07-24,Region II - Cagayan Valley,1932.43
2025-07-25,Region II - Cagayan Valley,1952.18
2025-07-26,Region II - Cagayan Valley,1950.42
2025-07-27,Region II - Cagayan Valley,1910.51
2025-07-28,Region II - Cagayan Valley,1886.98
2025-07-29,Region II - Cagayan Valley,1950.2
2025-07-30,Region II - Cagayan Valley,1943.56
2025-07-31,Region II - Cagayan Valley,1994.63
2025-08-01,Region II - Cagayan Valley,2005.06
2025-08-02,Region II - Cagayan Valley,1976.97
2025-08-03,Region II - Cagayan Valley,1922.58
2025-08-04,Region II - Cagayan Valley,1915.14
2025-08-05,Region II - Cagayan Valley,1905.32
2025-08-06,Region II - Cagayan Valley,1955.95
2025-08-07,Region II - Cagayan Valley,1994.81
2025-08-08,Region II - Cagayan Valley,2016.47
