Date,Energy_Consumption_MW,Temperature_C,Grid_Load_Factor
2025-01-01,50596.06,26.4,0.747
2025-01-02,51941.27,25.6,0.801
2025-01-03,53519.73,24.7,0.825
2025-01-04,53370.02,28.4,0.83
2025-01-05,49244.35,27.4,0.739
2025-01-06,48043.96,25.4,0.671
2025-01-07,50854.73,25.5,0.639
2025-01-08,51986.93,27.0,0.741
2025-01-09,52608.69,30.1,0.865
2025-01-10,54457.02,27.2,0.852
2025-01-11,52048.02,25.4,0.863
2025-01-12,50026.21,27.4,0.718
2025-01-13,49672.76,27.4,0.658
2025-01-14,47718.66,23.8,0.663
2025-01-15,50048.2,27.9,0.754
2025-01-16,53546.29,27.7,0.824
2025-01-17,53636.14,29.1,0.869
2025-01-18,54023.13,30.9,0.822
2025-01-19,50533.42,29.9,0.683
2025-01-20,48721.38,27.9,0.613
2025-01-21,52802.61,26.7,0.617
2025-01-22,52871.63,32.3,0.765
2025-01-23,55321.48,28.6,0.795
2025-01-24,54155.93,28.6,0.783
2025-01-25,54001.28,28.6,0.805
2025-01-26,52758.8,29.0,0.781
2025-01-27,50031.48,28.5,0.652
2025-01-28,52484.82,27.9,0.697
2025-01-29,53405.3,28.0,0.752
2025-01-30,55867.02,28.9,0.825
2025-01-31,56113.02,28.2,0.875
2025-02-01,57839.29,28.0,0.785
2025-02-02,53563.85,29.3,0.715
2025-02-03,51089.85,28.8,0.662
2025-02-04,53959.29,31.5,0.652
2025-02-05,53590.88,25.3,0.78
2025-02-06,57388.85,31.0,0.823
2025-02-07,55395.72,31.2,0.825
2025-02-08,54925.86,26.3,0.809
2025-02-09,54710.02,29.0,0.68
2025-02-10,54129.39,29.0,0.653
2025-02-11,54052.16,27.5,0.672
2025-02-12,55781.33,28.5,0.783
2025-02-13,57630.81,28.0,0.842
2025-02-14,56816.5,32.4,0.847
2025-02-15,56488.53,31.2,0.818
2025-02-16,54742.73,31.8,0.748
2025-02-17,55322.32,31.0,0.669
2025-02-18,55058.03,28.2,0.672
2025-02-19,54592.06,29.2,0.711
2025-02-20,59156.85,30.8,0.796
2025-02-21,58892.47,28.2,0.838
2025-02-22,57291.7,31.2,0.775
2025-02-23,56768.81,29.8,0.701
2025-02-24,56017.72,29.6,0.654
2025-02-25,56477.24,31.3,0.688
2025-02-26,56401.74,31.0,0.748
2025-02-27,59084.9,29.8,0.843
2025-02-28,60426.82,32.1,0.849
2025-03-01,59935.97,28.8,0.734
2025-03-02,56107.49,31.4,0.678
2025-03-03,55191.68,31.4,0.648
2025-03-04,54652.13,30.0,0.636
2025-03-05,56579.31,31.0,0.768
2025-03-06,61022.73,28.7,0.874
2025-03-07,62234.18,32.0,0.884
2025-03-08,59241.79,30.3,0.787
2025-03-09,58434.99,29.9,0.751
2025-03-10,56381.91,32.3,0.657
2025-03-11,55724.18,29.7,0.662
2025-03-12,58952.01,28.6,0.732
2025-03-13,62381.78,28.4,0.819
2025-03-14,61036.89,31.7,0.836
2025-03-15,61663.6,28.9,0.799
2025-03-16,54529.43,33.5,0.711
2025-03-17,57361.05,27.7,0.653
2025-03-18,57013.94,33.4,0.685
2025-03-19,58554.94,31.2,0.786
2025-03-20,61025.83,30.8,0.857
2025-03-21,59058.46,30.1,0.803
2025-03-22,59870.1,31.5,0.717
2025-03-23,58433.27,30.9,0.735
2025-03-24,58463.72,32.6,0.612
2025-03-25,56586.85,31.1,0.665
2025-03-26,58226.6,31.2,0.715
2025-03-27,60580.35,30.4,0.774
2025-03-28,62792.42,30.9,0.864
2025-03-29,60762.21,31.5,0.816
2025-03-30,57586.59,28.4,0.689
2025-03-31,57507.27,29.0,0.575
2025-04-01,57509.88,32.1,0.655
2025-04-02,60527.26,31.3,0.762
2025-04-03,60491.56,30.7,0.784
2025-04-04,61435.75,31.0,0.853
2025-04-05,60015.63,31.5,0.793
2025-04-06,56567.98,30.2,0.724
2025-04-07,57332.03,29.8,0.656
2025-04-08,57775.43,31.3,0.643
2025-04-09,59423.26,29.5,0.786
2025-04-10,61088.22,31.6,0.823
2025-04-11,60149.7,28.4,0.847
2025-04-12,59984.1,32.5,0.765
2025-04-13,57899.21,31.6,0.693
2025-04-14,55983.8,31.3,0.626
2025-04-15,57222.09,32.4,0.667
2025-04-16,59839.12,33.4,0.801
2025-04-17,63554.01,32.4,0.787
2025-04-18,61962.27,28.1,0.799
2025-04-19,60686.4,28.9,0.838
2025-04-20,58093.49,29.9,0.7
2025-04-21,54500.33,30.8,0.632
2025-04-22,57224.18,31.5,0.703
2025-04-23,59251.01,29.7,0.732
2025-04-24,64055.15,31.0,0.883
2025-04-25,61314.91,29.6,0.868
2025-04-26,60516.54,29.8,0.779
2025-04-27,57902.99,28.5,0.771
2025-04-28,55146.84,29.2,0.634
2025-04-29,58358.46,28.6,0.694
2025-04-30,59796.93,29.1,0.759
2025-05-01,61749.28,32.1,0.867
2025-05-02,60140.29,29.1,0.894
2025-05-03,61509.0,34.4,0.794
2025-05-04,55918.67,31.2,0.684
2025-05-05,56895.14,30.7,0.666
2025-05-06,59242.83,29.1,0.651
2025-05-07,57318.87,31.4,0.81
2025-05-08,59719.23,29.4,0.832
2025-05-09,60935.87,30.4,0.837
2025-05-10,58792.35,34.0,0.799
2025-05-11,55297.27,30.0,0.666
2025-05-12,55816.83,31.8,0.623
2025-05-13,54869.79,29.0,0.708
2025-05-14,58592.89,30.0,0.73
2025-05-15,58799.52,32.6,0.797
2025-05-16,62167.4,29.0,0.864
2025-05-17,57935.14,32.6,0.829
2025-05-18,56237.63,30.9,0.728
2025-05-19,56164.52,28.9,0.682
2025-05-20,54109.16,30.7,0.649
2025-05-21,57727.28,31.1,0.707
2025-05-22,60889.43,30.6,0.873
2025-05-23,57785.03,27.2,0.838
2025-05-24,58491.85,28.4,0.786
2025-05-25,56320.12,29.1,0.746
2025-05-26,55499.77,29.3,0.669
2025-05-27,53464.49,30.3,0.685
2025-05-28,55221.97,29.6,0.815
2025-05-29,59289.18,27.2,0.809
2025-05-30,59402.39,29.8,0.875
2025-05-31,57893.12,30.0,0.795
2025-06-01,55736.71,29.9,0.715
2025-06-02,53048.98,30.6,0.698
2025-06-03,54521.9,30.2,0.687
2025-06-04,56443.76,29.6,0.766
2025-06-05,57082.61,28.7,0.86
2025-06-06,60553.59,26.3,0.837
2025-06-07,57421.7,29.4,0.768
2025-06-08,53144.16,29.0,0.675
2025-06-09,53898.04,29.0,0.594
2025-06-10,52311.43,26.6,0.734
2025-06-11,56267.35,26.8,0.717
2025-06-12,58554.12,30.0,0.822
2025-06-13,56547.27,28.3,0.839
2025-06-14,57220.29,29.3,0.803
2025-06-15,54274.18,28.2,0.731
2025-06-16,53296.01,28.2,0.678
2025-06-17,54951.08,29.5,0.654
2025-06-18,54217.05,27.2,0.745
2025-06-19,55443.04,28.1,0.837
2025-06-20,55643.72,27.2,0.84
2025-06-21,54259.92,27.1,0.842
2025-06-22,52856.85,27.3,0.721
2025-06-23,51885.61,28.0,0.675
2025-06-24,52170.07,26.9,0.692
2025-06-25,54663.96,29.4,0.785
2025-06-26,55519.94,26.1,0.834
2025-06-27,57609.46,27.1,0.809
2025-06-28,54072.94,26.7,0.805
2025-06-29,55363.04,29.4,0.687
2025-06-30,51374.61,27.5,0.637
2025-07-01,49955.43,28.7,0.689
2025-07-02,51530.94,24.8,0.787
2025-07-03,55226.94,27.4,0.829
2025-07-04,54739.96,28.2,0.857
2025-07-05,54389.75,27.0,0.844
2025-07-06,51808.97,28.4,0.714
2025-07-07,49678.77,25.9,0.731
2025-07-08,49110.62,28.7,0.689
2025-07-09,50141.62,30.0,0.697
2025-07-10,53256.54,25.9,0.851
2025-07-11,55181.42,25.8,0.859
2025-07-12,52937.03,28.5,0.832
2025-07-13,48895.17,28.7,0.727
2025-07-14,49125.05,25.4,0.648
2025-07-15,49742.6,25.5,0.635
2025-07-16,50054.91,25.7,0.744
2025-07-17,53135.87,24.0,0.803
2025-07-18,53385.86,24.6,0.83
2025-07-19,50474.31,24.4,0.811
2025-07-20,49988.94,24.7,0.757
2025-07-21,48763.77,25.7,0.664
2025-07-22,49757.8,26.0,0.636
2025-07-23,51562.63,28.0,0.763
2025-07-24,50485.6,24.1,0.864
2025-07-25,51383.17,27.0,0.829
2025-07-26,51661.89,25.1,0.789
2025-07-27,49379.8,25.3,0.707
2025-07-28,47918.49,26.3,0.629
2025-07-29,52297.25,23.6,0.691
2025-07-30,50205.44,25.8,0.746
2025-07-31,52730.54,25.4,0.841
2025-08-01,52889.41,25.8,0.821
2025-08-02,51068.83,25.4,0.78
2025-08-03,47635.76,28.6,0.728
2025-08-04,47469.79,23.9,0.641
2025-08-05,46013.19,24.0,0.724
2025-08-06,48511.07,23.8,0.738
2025-08-07,50068.81,23.9,0.835
2025-08-08,51135.0,23.7,0.875
2025-08-09,52365.89,26.4,0.751
2025-08-10,45083.73,26.7,0.654
2025-08-11,46702.38,23.6,0.607
2025-08-12,44334.86,23.2,0.71
2025-08-13,47568.4,25.1,0.733
2025-08-14,51307.61,23.5,0.905
2025-08-15,50473.89,25.2,0.831
2025-08-16,47665.61,24.5,0.799
2025-08-17,45847.51,21.9,0.753
2025-08-18,46086.83,26.5,0.713
2025-08-19,44797.37,26.8,0.734
2025-08-20,47809.61,23.1,0.786
2025-08-21,49482.35,23.4,0.859
2025-08-22,49053.49,24.4,0.865
2025-08-23,50982.34,24.4,0.817
2025-08-24,46929.52,24.9,0.69
2025-08-25,42316.53,26.8,0.628
2025-08-26,45385.56,23.5,0.672
2025-08-27,46256.53,22.5,0.745
2025-08-28,49964.38,21.6,0.815
2025-08-29,48411.33,22.6,0.868
2025-08-30,47812.2,23.6,0.822
2025-08-31,46328.58,26.3,0.709
2025-09-01,45353.04,22.8,0.697
2025-09-02,43302.71,23.9,0.638
2025-09-03,46244.5,23.5,0.744
2025-09-04,47980.88,25.2,0.807
2025-09-05,48201.99,27.2,0.791
2025-09-06,49706.46,22.6,0.791
2025-09-07,45861.16,22.6,0.703
2025-09-08,42468.35,24.9,0.698
2025-09-09,45526.59,24.3,0.691
2025-09-10,48889.52,26.1,0.719
2025-09-11,49501.86,24.1,0.884
2025-09-12,46890.0,22.7,0.884
2025-09-13,46749.39,24.1,0.811
2025-09-14,46653.43,24.9,0.7
2025-09-15,42905.66,24.4,0.624
2025-09-16,44746.79,23.9,0.661
2025-09-17,47077.23,24.7,0.783
2025-09-18,46971.1,24.9,0.885
2025-09-19,48478.2,25.2,0.894
2025-09-20,43293.28,24.1,0.779
2025-09-21,43772.21,22.8,0.673
2025-09-22,43336.21,23.3,0.657
2025-09-23,42617.45,24.9,0.619
2025-09-24,48023.36,21.8,0.76
2025-09-25,46300.31,23.6,0.824
2025-09-26,47970.96,22.4,0.834
2025-09-27,47305.44,23.1,0.746
2025-09-28,46713.16,24.9,0.722
2025-09-29,41914.86,23.3,0.637
2025-09-30,45525.66,23.1,0.637
2025-10-01,46108.32,21.0,0.664
2025-10-02,46886.77,24.1,0.827
2025-10-03,49118.18,24.0,0.901
2025-10-04,47468.62,26.2,0.843
2025-10-05,44361.13,22.5,0.693
2025-10-06,43835.97,23.3,0.634
2025-10-07,43798.36,23.4,0.686
2025-10-08,46379.69,25.4,0.72
2025-10-09,49023.1,22.9,0.837
2025-10-10,50647.36,23.5,0.87
2025-10-11,45941.35,24.0,0.83
2025-10-12,47854.49,23.3,0.704
2025-10-13,41639.6,22.4,0.646
2025-10-14,44324.89,23.4,0.645
2025-10-15,47212.1,24.7,0.725
2025-10-16,48844.71,21.6,0.821
2025-10-17,48292.14,23.3,0.859
2025-10-18,47488.42,22.1,0.821
2025-10-19,45030.83,25.0,0.683
2025-10-20,43618.53,20.9,0.697
2025-10-21,45886.23,22.4,0.664
2025-10-22,47310.15,23.8,0.749
2025-10-23,48067.49,25.6,0.806
2025-10-24,50526.12,23.2,0.775
2025-10-25,48529.84,22.5,0.82
2025-10-26,47036.36,26.2,0.729
2025-10-27,45535.3,21.2,0.644
2025-10-28,44341.28,20.1,0.674
2025-10-29,46694.15,24.1,0.765
2025-10-30,50295.53,22.7,0.781
2025-10-31,50693.89,22.0,0.832
2025-11-01,48665.76,24.6,0.817
2025-11-02,46746.29,23.9,0.669
2025-11-03,46872.18,22.7,0.661
2025-11-04,45199.96,21.7,0.631
2025-11-05,48611.05,25.0,0.764
2025-11-06,49758.57,24.7,0.827
2025-11-07,50316.76,23.6,0.799
2025-11-08,50639.86,26.6,0.828
2025-11-09,48240.27,22.2,0.685
2025-11-10,46973.12,21.6,0.628
2025-11-11,48147.81,22.9,0.678
2025-11-12,48664.44,23.9,0.784
2025-11-13,51517.38,24.4,0.798
2025-11-14,50916.46,23.7,0.849
2025-11-15,50433.91,24.6,0.806
2025-11-16,47829.78,22.3,0.727
2025-11-17,46861.89,26.4,0.658
2025-11-18,48056.24,24.1,0.661
2025-11-19,48430.22,26.0,0.725
2025-11-20,53994.58,24.9,0.831
2025-11-21,50877.86,25.1,0.815
2025-11-22,49395.61,25.3,0.706
2025-11-23,50194.63,25.2,0.72
2025-11-24,48525.44,25.5,0.68
2025-11-25,48931.73,26.6,0.601
2025-11-26,51017.4,25.0,0.72
2025-11-27,52330.67,25.8,0.847
2025-11-28,51880.16,24.6,0.909
2025-11-29,51825.29,27.0,0.794
2025-11-30,48883.66,23.9,0.685
2025-12-01,49646.38,27.7,0.647
2025-12-02,48916.32,25.0,0.713
2025-12-03,50191.76,22.9,0.731
2025-12-04,52887.4,25.3,0.804
2025-12-05,54388.55,24.2,0.833
2025-12-06,52002.26,26.5,0.765
2025-12-07,49661.98,24.3,0.71
2025-12-08,49728.79,24.7,0.701
2025-12-09,50354.36,22.6,0.682
2025-12-10,51548.86,24.8,0.742
2025-12-11,53689.62,21.9,0.819
2025-12-12,55160.01,23.3,0.801
2025-12-13,51935.99,26.8,0.82
2025-12-14,49960.83,26.9,0.704
2025-12-15,49581.3,26.5,0.647
2025-12-16,50816.98,24.4,0.768
2025-12-17,53548.38,25.9,0.759
2025-12-18,57048.51,26.0,0.806
2025-12-19,56938.8,24.4,0.835
2025-12-20,54514.4,28.4,0.828
2025-12-21,52663.9,27.5,0.71
2025-12-22,50281.34,26.0,0.609
2025-12-23,52095.59,26.4,0.699
2025-12-24,53877.06,26.7,0.73
2025-12-25,56716.68,23.4,0.884
2025-12-26,55971.18,26.2,0.88
2025-12-27,56386.41,25.6,0.78
2025-12-28,55585.22,25.2,0.745
2025-12-29,52415.14,26.4,0.655
2025-12-30,53662.91,29.5,0.697
2025-12-31,56116.16,27.9,0.765
2026-01-01,56913.71,26.1,0.803
2026-01-02,58299.44,27.9,0.828
2026-01-03,56845.62,29.2,0.824
2026-01-04,54930.81,28.6,0.697
2026-01-05,52685.78,27.3,0.64
2026-01-06,54277.8,26.4,0.643
2026-01-07,56952.62,28.4,0.763
2026-01-08,60202.8,28.1,0.89
2026-01-09,60246.84,28.9,0.815
2026-01-10,60478.16,28.6,0.794
2026-01-11,54954.98,29.2,0.749
2026-01-12,55720.46,26.9,0.65
2026-01-13,55526.47,29.8,0.685
2026-01-14,60038.38,28.2,0.718
2026-01-15,58544.29,31.1,0.841
2026-01-16,59137.83,27.0,0.842
2026-01-17,58221.52,30.7,0.823
2026-01-18,54369.98,28.4,0.742
2026-01-19,55081.74,27.2,0.73
2026-01-20,55430.32,27.5,0.689
2026-01-21,58621.47,27.9,0.76
2026-01-22,60950.03,29.0,0.834
2026-01-23,63417.6,29.2,0.837
2026-01-24,61096.75,27.7,0.804
2026-01-25,57236.29,28.6,0.698
2026-01-26,55638.69,31.9,0.658
2026-01-27,57929.67,31.3,0.711
2026-01-28,57848.49,29.4,0.72
2026-01-29,63722.87,28.9,0.862
2026-01-30,63559.87,29.1,0.887
2026-01-31,60364.48,29.9,0.79
2026-02-01,56836.72,27.5,0.643
2026-02-02,59297.72,28.7,0.634
2026-02-03,58150.34,26.6,0.711
2026-02-04,61858.46,29.8,0.749
2026-02-05,60543.76,30.2,0.798
2026-02-06,62348.65,28.6,0.832
2026-02-07,61848.3,31.7,0.819
2026-02-08,59854.28,27.6,0.723
2026-02-09,58029.1,27.3,0.645
2026-02-10,59921.76,29.9,0.661
2026-02-11,59968.71,31.2,0.738
2026-02-12,63152.97,32.2,0.801
2026-02-13,64068.77,29.0,0.896
2026-02-14,63305.38,31.4,0.784
2026-02-15,61487.21,29.7,0.743
2026-02-16,58044.08,29.6,0.698
2026-02-17,58146.77,31.2,0.702
2026-02-18,63585.1,30.9,0.737
2026-02-19,64513.12,27.6,0.84
2026-02-20,63805.01,32.2,0.847
2026-02-21,65316.29,32.1,0.766
2026-02-22,61526.81,29.2,0.716
2026-02-23,61551.22,30.7,0.617
2026-02-24,60798.63,30.9,0.707
2026-02-25,65242.0,30.6,0.736
2026-02-26,66925.09,29.4,0.834
2026-02-27,65095.73,29.3,0.856
2026-02-28,65298.86,30.3,0.786
2026-03-01,62827.13,32.1,0.724
2026-03-02,62429.54,31.2,0.638
2026-03-03,60197.1,29.9,0.698
2026-03-04,64215.89,31.7,0.71
2026-03-05,66698.28,26.3,0.832
2026-03-06,63879.31,32.3,0.906
2026-03-07,63294.06,28.0,0.763
2026-03-08,60172.12,30.1,0.686
2026-03-09,61015.81,29.0,0.668
2026-03-10,62753.24,28.7,0.677
2026-03-11,65717.78,32.4,0.761
2026-03-12,66024.43,30.0,0.843
2026-03-13,68436.37,31.3,0.867
2026-03-14,63534.86,30.7,0.827
2026-03-15,61036.82,31.5,0.719
2026-03-16,61718.69,30.9,0.645
2026-03-17,62783.78,28.9,0.692
2026-03-18,64290.79,32.4,0.807
2026-03-19,63853.94,30.1,0.824
2026-03-20,66758.63,28.6,0.818
2026-03-21,63993.27,30.3,0.827
2026-03-22,64236.17,33.2,0.703
2026-03-23,62560.9,32.2,0.587
2026-03-24,61514.57,30.4,0.697
2026-03-25,64016.73,30.4,0.734
2026-03-26,65350.92,30.5,0.825
2026-03-27,67061.18,34.1,0.857
2026-03-28,66959.28,31.6,0.799
2026-03-29,62487.79,31.6,0.728
2026-03-30,62947.52,32.5,0.639
2026-03-31,62211.34,31.4,0.687
2026-04-01,63870.66,30.6,0.742
2026-04-02,66665.77,30.7,0.85
2026-04-03,66049.8,30.9,0.866
2026-04-04,65287.88,30.9,0.765
2026-04-05,62355.81,32.1,0.739
2026-04-06,64806.37,31.1,0.636
2026-04-07,62979.44,32.1,0.696
2026-04-08,64055.36,30.9,0.761
2026-04-09,67107.35,31.1,0.883
2026-04-10,67197.14,28.0,0.841
2026-04-11,65710.42,32.3,0.783
2026-04-12,64537.09,31.5,0.706
2026-04-13,63348.08,32.4,0.643
2026-04-14,62274.47,26.6,0.696
2026-04-15,64161.61,34.0,0.702
2026-04-16,66461.73,30.7,0.797
2026-04-17,64494.55,32.5,0.815
2026-04-18,64066.04,29.3,0.822
2026-04-19,65332.84,31.8,0.758
2026-04-20,64289.41,29.2,0.649
2026-04-21,62472.55,29.9,0.667
2026-04-22,65388.8,33.6,0.752
2026-04-23,66993.73,30.5,0.863
2026-04-24,70764.13,31.1,0.82
2026-04-25,67024.64,32.0,0.801
2026-04-26,63320.33,31.4,0.736
2026-04-27,60934.49,30.9,0.668
2026-04-28,60593.9,31.2,0.678
2026-04-29,64675.99,34.2,0.78
2026-04-30,65432.27,30.5,0.747
2026-05-01,65067.31,30.8,0.868
2026-05-02,64594.81,32.1,0.774
2026-05-03,61850.64,32.1,0.652
2026-05-04,63765.62,32.2,0.668
2026-05-05,63224.9,31.4,0.713
2026-05-06,64053.07,28.6,0.746
2026-05-07,67732.3,32.8,0.857
2026-05-08,66469.13,28.6,0.896
2026-05-09,63925.37,30.7,0.833
2026-05-10,64550.57,29.1,0.756
2026-05-11,61948.33,30.1,0.675
2026-05-12,60469.24,30.6,0.674
2026-05-13,63367.83,30.6,0.702
2026-05-14,64425.97,30.7,0.821
2026-05-15,64224.21,32.4,0.822
2026-05-16,65564.71,30.6,0.859
2026-05-17,64495.79,29.5,0.701
2026-05-18,59092.5,31.3,0.656
2026-05-19,61846.31,31.6,0.688
2026-05-20,62260.12,27.9,0.751
2026-05-21,64324.86,30.6,0.879
2026-05-22,64593.64,30.7,0.829
2026-05-23,62825.9,29.1,0.799
2026-05-24,61660.76,31.6,0.684
2026-05-25,59160.55,29.3,0.613
2026-05-26,60871.27,29.6,0.653
2026-05-27,62345.88,29.1,0.749
2026-05-28,63977.46,29.3,0.815
2026-05-29,63559.95,27.6,0.827
2026-05-30,62505.04,27.0,0.751
2026-05-31,61833.66,31.5,0.704
2026-06-01,60073.86,27.8,0.607
2026-06-02,58679.38,27.5,0.695
2026-06-03,61821.97,25.7,0.752
2026-06-04,64453.6,27.9,0.784
2026-06-05,61924.84,26.9,0.838
2026-06-06,63119.91,31.2,0.771
2026-06-07,59394.62,30.2,0.716
2026-06-08,59412.16,27.6,0.693
2026-06-09,58183.58,32.0,0.616
2026-06-10,58776.57,30.0,0.753
2026-06-11,60831.41,28.0,0.823
2026-06-12,63211.48,24.7,0.868
2026-06-13,61998.58,31.8,0.8
2026-06-14,58317.27,26.2,0.684
2026-06-15,58700.36,25.7,0.643
2026-06-16,56306.44,29.7,0.648
2026-06-17,60058.36,31.7,0.782
2026-06-18,60521.18,30.1,0.829
2026-06-19,61556.51,28.8,0.905
2026-06-20,60923.99,28.8,0.792
2026-06-21,57545.68,29.1,0.685
2026-06-22,56644.11,28.9,0.607
2026-06-23,58675.44,28.1,0.618
2026-06-24,58609.36,27.8,0.702
2026-06-25,62137.85,27.4,0.836
2026-06-26,60140.6,26.3,0.863
2026-06-27,60657.61,27.0,0.746
2026-06-28,59460.28,24.8,0.733
2026-06-29,53289.59,27.1,0.638
2026-06-30,55659.64,25.7,0.676
2026-07-01,59140.48,25.5,0.798
2026-07-02,60036.34,27.3,0.855
2026-07-03,61085.49,29.1,0.839
2026-07-04,58440.11,28.3,0.767
2026-07-05,56976.82,24.5,0.642
2026-07-06,55211.01,25.3,0.631
2026-07-07,57159.56,28.1,0.665
2026-07-08,57895.92,25.2,0.72
2026-07-09,59828.34,26.2,0.824
2026-07-10,59289.98,27.3,0.85
2026-07-11,57725.06,25.0,0.787
2026-07-12,55500.59,26.5,0.687
2026-07-13,55019.66,24.3,0.658
2026-07-14,54403.55,25.3,0.685
2026-07-15,57091.17,26.7,0.717
2026-07-16,61069.11,23.7,0.871
2026-07-17,59987.87,26.7,0.845
2026-07-18,57080.39,25.9,0.794
2026-07-19,56625.98,26.7,0.728
2026-07-20,53225.2,26.2,0.66
2026-07-21,51635.54,27.8,0.7
2026-07-22,54710.55,25.9,0.759
2026-07-23,55515.03,25.0,0.81
2026-07-24,57706.86,25.8,0.858
2026-07-25,56684.96,26.3,0.759
2026-07-26,56392.84,25.5,0.71
2026-07-27,53309.41,25.4,0.652
2026-07-28,53026.47,24.3,0.666
2026-07-29,56129.79,24.3,0.746
2026-07-30,54327.29,23.1,0.772
2026-07-31,57638.76,27.8,0.831
2026-08-01,56822.18,23.2,0.796
2026-08-02,51848.29,24.0,0.711
2026-08-03,53538.53,23.9,0.622
2026-08-04,52952.21,26.2,0.71
2026-08-05,53900.74,24.4,0.724
2026-08-06,57012.77,26.7,0.857
2026-08-07,59362.09,23.7,0.86
2026-08-08,55405.31,25.1,0.774
2026-08-09,53219.32,23.4,0.76
2026-08-10,50922.83,27.8,0.617
2026-08-11,50843.65,22.7,0.699
2026-08-12,54722.58,24.9,0.78
2026-08-13,54563.1,25.4,0.808
2026-08-14,56070.2,25.0,0.889
2026-08-15,53971.27,24.0,0.786
2026-08-16,52864.17,24.1,0.715
2026-08-17,51253.15,24.3,0.66
2026-08-18,52498.18,23.9,0.668
2026-08-19,52515.02,25.5,0.774
2026-08-20,54678.81,27.4,0.852
2026-08-21,54233.67,23.2,0.795
2026-08-22,53446.98,21.9,0.833
2026-08-23,52189.82,23.8,0.657
2026-08-24,51221.01,27.7,0.683
2026-08-25,49618.8,22.6,0.706
2026-08-26,53655.4,26.2,0.717
2026-08-27,56127.02,26.3,0.816
2026-08-28,55414.84,22.9,0.814
2026-08-29,55755.93,24.5,0.787
2026-08-30,50345.45,26.1,0.697
2026-08-31,48369.43,23.0,0.676
2026-09-01,48154.94,23.3,0.711
2026-09-02,53984.91,22.7,0.792
2026-09-03,54877.21,22.0,0.811
2026-09-04,54457.82,22.5,0.841
2026-09-05,53459.78,21.6,0.743
2026-09-06,49557.83,23.5,0.682
2026-09-07,52446.85,22.2,0.681
2026-09-08,50108.06,23.7,0.72
2026-09-09,51999.3,21.0,0.713
2026-09-10,54656.17,23.8,0.81
2026-09-11,54810.05,24.5,0.847
2026-09-12,53115.94,20.2,0.802
2026-09-13,49698.57,23.8,0.682
2026-09-14,49831.81,25.0,0.665
2026-09-15,51980.99,21.4,0.658
2026-09-16,53267.67,25.7,0.75
2026-09-17,55497.88,23.8,0.845
2026-09-18,53435.94,22.1,0.848
2026-09-19,51492.16,23.0,0.78
2026-09-20,50344.52,23.9,0.703
2026-09-21,49197.24,23.2,0.65
2026-09-22,50915.99,23.9,0.661
2026-09-23,49518.75,21.7,0.742
2026-09-24,55334.26,23.3,0.876
2026-09-25,53788.78,20.9,0.864
