registration_date,new_registrations,cumulative_registrations,region_code,budget_utilization_rate
2024-01-01,15596,15596,Region_III,89.53
2024-01-02,17600,33196,Region_VII,94.32
2024-01-03,19249,52445,Region_III,87.84
2024-01-04,18435,70880,Region_VII,98.01
2024-01-05,13320,84200,Region_VII,92.54
2024-01-06,11456,95656,Region_IV_A,91.49
2024-01-07,14338,109994,Region_IV_A,93.09
2024-01-08,16130,126124,Region_VII,87.41
2024-01-09,17412,143536,Region_VII,93.9
2024-01-10,19332,162868,Region_III,90.26
2024-01-11,16261,179129,Region_III,98.01
2024-01-12,13251,192380,Region_IV_A,87.45
2024-01-13,12237,204617,NCR,92.35
2024-01-14,10356,214973,Region_VII,93.67
2024-01-15,13348,228321,Region_III,85.48
2024-01-16,17510,245831,Region_IV_A,90.27
2024-01-17,17675,263506,Region_III,95.62
2024-01-18,17404,280910,Region_VII,96.9
2024-01-19,12930,293840,Region_VII,89.54
2024-01-20,10461,304301,Region_XI,96.58
2024-01-21,14620,318921,NCR,99.03
2024-01-22,15357,334278,Region_XI,97.42
2024-01-23,18475,352753,Region_IV_A,86.71
2024-01-24,17390,370143,Region_III,95.73
2024-01-25,16583,386726,Region_IV_A,89.64
2024-01-26,14362,401088,Region_VII,99.33
2024-01-27,10984,412072,Region_XI,92.04
2024-01-28,13522,425594,Region_XI,86.78
2024-01-29,15116,440710,Region_XI,95.52
2024-01-30,18253,458963,Region_IV_A,89.68
2024-01-31,18587,477550,Region_VII,99.46
2024-02-01,19668,497218,Region_III,99.21
2024-02-02,14422,511640,Region_III,94.51
2024-02-03,11305,522945,Region_IV_A,86.88
2024-02-04,14267,537212,Region_XI,94.96
2024-02-05,14581,551793,NCR,86.35
2024-02-06,19063,570856,Region_IV_A,85.43
2024-02-07,17167,588023,Region_IV_A,96.93
2024-02-08,16061,604084,Region_VII,88.04
2024-02-09,14884,618968,Region_III,90.5
2024-02-10,13670,632638,Region_IV_A,99.12
2024-02-11,13695,646333,Region_IV_A,89.88
2024-02-12,16117,662450,Region_XI,89.3
2024-02-13,18661,681111,Region_XI,98.31
2024-02-14,17954,699065,NCR,86.61
2024-02-15,17000,716065,Region_VII,96.01
2024-02-16,14304,730369,NCR,99.33
2024-02-17,14262,744631,Region_XI,98.07
2024-02-18,14111,758742,Region_III,94.45
2024-02-19,14349,773091,Region_XI,89.55
2024-02-20,19620,792711,Region_VII,88.69
2024-02-21,19475,812186,Region_XI,96.88
2024-02-22,17261,829447,Region_VII,97.76
2024-02-23,15800,845247,Region_VII,92.62
2024-02-24,14440,859687,Region_VII,88.54
2024-02-25,15026,874713,Region_VII,86.64
2024-02-26,15667,890380,Region_VII,86.26
2024-02-27,19070,909450,Region_III,95.43
2024-02-28,20544,929994,NCR,91.09
2024-02-29,19453,949447,Region_IV_A,98.13
2024-03-01,14701,964148,NCR,95.73
2024-03-02,13189,977337,Region_VII,87.77
2024-03-03,12790,990127,Region_III,93.9
2024-03-04,15448,1005575,Region_XI,91.31
2024-03-05,20625,1026200,Region_III,93.37
2024-03-06,21983,1048183,Region_VII,95.7
2024-03-07,18406,1066589,Region_III,96.69
2024-03-08,16689,1083278,Region_III,97.23
2024-03-09,14055,1097333,Region_VII,88.68
2024-03-10,13553,1110886,Region_III,85.45
2024-03-11,17527,1128413,Region_IV_A,95.72
2024-03-12,21705,1150118,Region_IV_A,86.54
2024-03-13,20522,1170640,Region_III,89.57
2024-03-14,20579,1191219,Region_XI,85.06
2024-03-15,12551,1203770,Region_VII,94.88
2024-03-16,14817,1218587,Region_IV_A,87.42
2024-03-17,14641,1233228,Region_XI,94.5
2024-03-18,16944,1250172,Region_III,99.38
2024-03-19,20179,1270351,Region_XI,86.05
2024-03-20,18390,1288741,NCR,86.12
2024-03-21,18647,1307388,Region_IV_A,89.94
2024-03-22,16332,1323720,Region_III,97.56
2024-03-23,15813,1339533,Region_VII,88.13
2024-03-24,14124,1353657,Region_III,90.23
2024-03-25,16542,1370199,Region_VII,85.99
2024-03-26,19676,1389875,Region_III,96.07
2024-03-27,22083,1411958,Region_XI,90.92
2024-03-28,19515,1431473,Region_XI,96.01
2024-03-29,15477,1446950,Region_XI,98.1
2024-03-30,14865,1461815,NCR,88.38
2024-03-31,15072,1476887,Region_VII,96.71
2024-04-01,18884,1495771,Region_XI,85.86
2024-04-02,19645,1515416,NCR,98.03
2024-04-03,20800,1536216,Region_VII,94.44
2024-04-04,18859,1555075,Region_III,97.68
2024-04-05,14566,1569641,NCR,85.0
2024-04-06,14814,1584455,Region_IV_A,87.45
2024-04-07,15478,1599933,NCR,90.65
2024-04-08,17937,1617870,NCR,90.5
2024-04-09,20416,1638286,Region_VII,88.29
2024-04-10,19704,1657990,Region_III,90.53
2024-04-11,19034,1677024,Region_IV_A,86.87
2024-04-12,16120,1693144,Region_XI,90.99
2024-04-13,13705,1706849,Region_XI,96.63
2024-04-14,15180,1722029,NCR,91.95
2024-04-15,18625,1740654,Region_VII,85.26
2024-04-16,23170,1763824,Region_VII,91.11
2024-04-17,21822,1785646,Region_XI,85.39
2024-04-18,20057,1805703,Region_IV_A,99.01
2024-04-19,16652,1822355,Region_III,86.85
2024-04-20,12575,1834930,Region_IV_A,95.26
2024-04-21,15551,1850481,Region_III,99.11
2024-04-22,18422,1868903,Region_XI,96.98
2024-04-23,24072,1892975,Region_III,95.14
2024-04-24,21591,1914566,Region_VII,97.17
2024-04-25,20320,1934886,NCR,99.24
2024-04-26,16909,1951795,NCR,94.01
2024-04-27,13684,1965479,Region_XI,93.11
2024-04-28,17164,1982643,Region_VII,94.11
2024-04-29,19461,2002104,Region_IV_A,92.72
2024-04-30,22274,2024378,Region_VII,94.21
2024-05-01,20940,2045318,NCR,91.52
2024-05-02,21850,2067168,NCR,88.17
2024-05-03,15478,2082646,Region_VII,86.74
2024-05-04,16000,2098646,Region_VII,85.99
2024-05-05,18630,2117276,NCR,88.82
2024-05-06,17580,2134856,Region_IV_A,85.67
2024-05-07,20855,2155711,Region_XI,93.22
2024-05-08,22360,2178071,Region_XI,89.12
2024-05-09,19772,2197843,Region_VII,96.96
2024-05-10,15508,2213351,Region_XI,86.08
2024-05-11,15588,2228939,NCR,88.28
2024-05-12,14936,2243875,NCR,95.59
2024-05-13,19546,2263421,Region_VII,93.68
2024-05-14,20641,2284062,Region_VII,85.94
2024-05-15,24310,2308372,Region_VII,97.72
2024-05-16,19646,2328018,Region_IV_A,97.72
2024-05-17,17192,2345210,Region_XI,89.79
2024-05-18,16691,2361901,Region_VII,89.94
2024-05-19,14944,2376845,Region_III,99.34
2024-05-20,19460,2396305,Region_III,94.08
2024-05-21,23522,2419827,NCR,92.7
2024-05-22,20730,2440557,Region_XI,97.15
2024-05-23,21017,2461574,Region_VII,89.14
2024-05-24,18100,2479674,Region_III,91.22
2024-05-25,16862,2496536,Region_XI,88.88
2024-05-26,15146,2511682,NCR,96.44
2024-05-27,17812,2529494,Region_IV_A,93.31
2024-05-28,22789,2552283,Region_XI,94.55
2024-05-29,23225,2575508,Region_XI,88.66
2024-05-30,21305,2596813,Region_IV_A,88.19
2024-05-31,18413,2615226,Region_XI,92.08
2024-06-01,15318,2630544,NCR,95.69
2024-06-02,17118,2647662,NCR,92.62
2024-06-03,19957,2667619,Region_IV_A,85.47
2024-06-04,21515,2689134,Region_VII,97.59
2024-06-05,25317,2714451,Region_III,85.94
2024-06-06,21783,2736234,Region_VII,98.86
2024-06-07,16777,2753011,Region_XI,85.36
2024-06-08,17131,2770142,Region_III,95.07
2024-06-09,15879,2786021,Region_IV_A,86.19
2024-06-10,20760,2806781,Region_IV_A,98.2
2024-06-11,23972,2830753,Region_III,91.73
2024-06-12,22302,2853055,NCR,86.99
2024-06-13,22579,2875634,Region_III,89.94
2024-06-14,18911,2894545,Region_XI,87.39
2024-06-15,17539,2912084,NCR,87.47
2024-06-16,19534,2931618,Region_IV_A,98.75
2024-06-17,19730,2951348,Region_III,91.46
2024-06-18,21886,2973234,Region_VII,96.44
2024-06-19,22429,2995663,Region_VII,94.27
2024-06-20,20654,3016317,Region_XI,94.81
2024-06-21,18533,3034850,Region_VII,86.91
2024-06-22,17171,3052021,Region_III,88.4
2024-06-23,17800,3069821,Region_III,96.41
2024-06-24,21226,3091047,Region_VII,99.08
2024-06-25,23016,3114063,Region_III,88.81
2024-06-26,25450,3139513,Region_XI,88.94
2024-06-27,21525,3161038,NCR,91.86
2024-06-28,22099,3183137,Region_XI,99.27
2024-06-29,17722,3200859,Region_XI,88.9
2024-06-30,16648,3217507,Region_III,90.9
2024-07-01,19158,3236665,NCR,97.93
2024-07-02,23788,3260453,Region_III,85.04
2024-07-03,23647,3284100,Region_IV_A,85.58
2024-07-04,22908,3307008,Region_III,93.76
2024-07-05,19612,3326620,Region_III,98.16
2024-07-06,17093,3343713,Region_III,88.46
2024-07-07,16870,3360583,NCR,91.81
2024-07-08,18835,3379418,Region_III,91.53
2024-07-09,22883,3402301,NCR,91.86
2024-07-10,25152,3427453,Region_VII,94.03
2024-07-11,22518,3449971,Region_IV_A,91.81
2024-07-12,17759,3467730,NCR,91.49
2024-07-13,17598,3485328,Region_VII,91.88
2024-07-14,18558,3503886,NCR,93.57
2024-07-15,19801,3523687,NCR,92.79
2024-07-16,23813,3547500,Region_IV_A,97.38
2024-07-17,24404,3571904,Region_XI,85.72
2024-07-18,21099,3593003,Region_XI,97.08
2024-07-19,19892,3612895,NCR,97.24
2024-07-20,18272,3631167,Region_III,89.13
2024-07-21,19605,3650772,Region_VII,91.71
2024-07-22,22336,3673108,Region_III,91.36
2024-07-23,22184,3695292,Region_III,88.17
2024-07-24,23418,3718710,NCR,90.75
2024-07-25,23298,3742008,NCR,85.64
2024-07-26,20289,3762297,NCR,89.03
2024-07-27,18427,3780724,NCR,96.84
2024-07-28,23138,3803862,Region_XI,89.13
2024-07-29,21966,3825828,NCR,96.86
2024-07-30,25410,3851238,Region_XI,92.71
2024-07-31,25898,3877136,Region_XI,97.76
2024-08-01,23671,3900807,NCR,93.33
2024-08-02,19503,3920310,Region_IV_A,85.43
2024-08-03,18929,3939239,Region_VII,94.79
2024-08-04,17796,3957035,Region_III,85.65
2024-08-05,21206,3978241,Region_XI,91.53
2024-08-06,23674,4001915,Region_VII,98.48
2024-08-07,25060,4026975,Region_IV_A,87.4
2024-08-08,25876,4052851,Region_III,90.65
2024-08-09,17850,4070701,Region_III,95.58
2024-08-10,19051,4089752,Region_XI,97.79
2024-08-11,16998,4106750,NCR,94.73
2024-08-12,21133,4127883,Region_IV_A,88.74
2024-08-13,25772,4153655,Region_XI,94.78
2024-08-14,25249,4178904,Region_IV_A,89.3
2024-08-15,22014,4200918,NCR,95.42
2024-08-16,19442,4220360,NCR,98.83
2024-08-17,19252,4239612,Region_XI,95.46
2024-08-18,18266,4257878,NCR,97.51
2024-08-19,22169,4280047,Region_VII,85.03
2024-08-20,24730,4304777,Region_III,95.4
2024-08-21,24599,4329376,Region_XI,97.03
2024-08-22,26090,4355466,Region_IV_A,85.59
2024-08-23,21271,4376737,Region_VII,97.64
2024-08-24,16216,4392953,Region_XI,88.72
2024-08-25,19576,4412529,NCR,94.65
2024-08-26,21324,4433853,NCR,96.61
2024-08-27,25907,4459760,NCR,94.61
2024-08-28,24639,4484399,NCR,86.34
2024-08-29,23589,4507988,Region_IV_A,93.65
2024-08-30,21325,4529313,Region_VII,92.97
2024-08-31,19894,4549207,Region_III,98.05
2024-09-01,18121,4567328,Region_IV_A,90.86
2024-09-02,21926,4589254,Region_IV_A,89.66
2024-09-03,24524,4613778,Region_III,95.87
2024-09-04,25016,4638794,Region_III,90.98
2024-09-05,26054,4664848,NCR,94.37
2024-09-06,21415,4686263,Region_IV_A,94.37
2024-09-07,17552,4703815,Region_XI,97.88
2024-09-08,20872,4724687,Region_III,93.68
2024-09-09,25083,4749770,Region_III,92.28
2024-09-10,26542,4776312,Region_VII,87.01
2024-09-11,24186,4800498,Region_XI,86.68
2024-09-12,23564,4824062,Region_XI,87.24
2024-09-13,22658,4846720,Region_III,87.49
2024-09-14,18425,4865145,NCR,94.25
2024-09-15,20513,4885658,Region_VII,95.74
2024-09-16,23676,4909334,Region_XI,92.68
2024-09-17,24400,4933734,Region_III,97.02
2024-09-18,26147,4959881,Region_XI,99.37
2024-09-19,20465,4980346,Region_VII,96.89
2024-09-20,20118,5000464,Region_VII,95.08
2024-09-21,19180,5019644,Region_IV_A,92.72
2024-09-22,18692,5038336,Region_III,91.51
2024-09-23,24915,5063251,Region_VII,86.22
2024-09-24,24006,5087257,Region_IV_A,90.79
2024-09-25,25900,5113157,Region_IV_A,98.2
2024-09-26,24721,5137878,Region_XI,96.72
2024-09-27,23286,5161164,Region_XI,88.13
2024-09-28,17970,5179134,Region_IV_A,91.77
2024-09-29,21794,5200928,Region_XI,96.84
2024-09-30,23177,5224105,Region_VII,85.98
2024-10-01,24754,5248859,NCR,90.62
2024-10-02,27192,5276051,Region_VII,97.35
2024-10-03,25012,5301063,Region_IV_A,90.86
2024-10-04,21046,5322109,Region_IV_A,86.13
2024-10-05,19986,5342095,Region_VII,92.87
2024-10-06,20146,5362241,Region_XI,97.5
2024-10-07,23511,5385752,Region_XI,93.56
2024-10-08,26935,5412687,Region_IV_A,88.28
2024-10-09,28750,5441437,Region_III,90.57
2024-10-10,23497,5464934,Region_XI,91.53
2024-10-11,24535,5489469,Region_VII,93.4
2024-10-12,17769,5507238,Region_XI,96.01
2024-10-13,20635,5527873,Region_VII,86.43
2024-10-14,24290,5552163,Region_IV_A,97.9
2024-10-15,26687,5578850,Region_XI,85.18
2024-10-16,26309,5605159,Region_VII,90.37
2024-10-17,24942,5630101,Region_IV_A,85.4
2024-10-18,21593,5651694,Region_III,90.7
2024-10-19,19614,5671308,Region_VII,92.62
2024-10-20,22046,5693354,Region_III,92.42
2024-10-21,24222,5717576,Region_III,87.4
2024-10-22,25728,5743304,NCR,94.36
2024-10-23,28345,5771649,Region_XI,85.65
2024-10-24,25770,5797419,Region_VII,96.05
2024-10-25,23370,5820789,Region_III,98.73
2024-10-26,21286,5842075,NCR,89.93
2024-10-27,20241,5862316,Region_IV_A,92.5
2024-10-28,23330,5885646,Region_VII,90.49
2024-10-29,27666,5913312,Region_III,85.1
2024-10-30,28207,5941519,Region_XI,90.6
2024-10-31,25586,5967105,NCR,96.48
2024-11-01,22744,5989849,Region_III,93.64
2024-11-02,22273,6012122,Region_XI,86.47
2024-11-03,20736,6032858,Region_III,97.28
2024-11-04,24868,6057726,Region_VII,92.7
2024-11-05,26736,6084462,Region_VII,97.2
2024-11-06,27423,6111885,Region_VII,93.41
2024-11-07,27139,6139024,NCR,93.12
2024-11-08,23803,6162827,Region_VII,86.53
2024-11-09,21925,6184752,Region_XI,87.43
2024-11-10,23221,6207973,Region_III,99.09
2024-11-11,24446,6232419,Region_IV_A,88.31
2024-11-12,28006,6260425,Region_XI,99.17
2024-11-13,27521,6287946,Region_XI,92.71
2024-11-14,26419,6314365,Region_VII,86.97
2024-11-15,22866,6337231,NCR,86.44
2024-11-16,21275,6358506,Region_III,88.03
2024-11-17,22578,6381084,NCR,98.42
2024-11-18,23649,6404733,Region_III,91.01
2024-11-19,29908,6434641,Region_III,90.73
2024-11-20,26895,6461536,NCR,89.54
2024-11-21,24782,6486318,Region_XI,87.13
2024-11-22,24621,6510939,Region_III,92.07
2024-11-23,22318,6533257,NCR,86.89
2024-11-24,22823,6556080,Region_III,97.11
2024-11-25,25594,6581674,Region_IV_A,90.37
2024-11-26,27592,6609266,Region_XI,90.43
2024-11-27,27235,6636501,Region_VII,91.87
2024-11-28,26539,6663040,Region_III,91.44
2024-11-29,22628,6685668,Region_IV_A,99.43
2024-11-30,22747,6708415,Region_VII,92.91
2024-12-01,22107,6730522,Region_VII,86.28
2024-12-02,24059,6754581,Region_III,93.8
2024-12-03,27430,6782011,NCR,87.2
2024-12-04,29017,6811028,Region_III,85.45
2024-12-05,25981,6837009,Region_IV_A,99.08
2024-12-06,22664,6859673,Region_VII,96.22
2024-12-07,22079,6881752,Region_III,99.21
2024-12-08,22786,6904538,NCR,91.93
2024-12-09,24650,6929188,Region_III,92.72
2024-12-10,27460,6956648,Region_XI,87.44
2024-12-11,29009,6985657,NCR,88.58
2024-12-12,25129,7010786,Region_IV_A,97.16
2024-12-13,22171,7032957,Region_VII,90.16
2024-12-14,21134,7054091,Region_III,96.99
2024-12-15,22446,7076537,NCR,95.28
2024-12-16,25841,7102378,Region_XI,87.57
2024-12-17,30005,7132383,NCR,92.36
2024-12-18,29969,7162352,Region_XI,94.82
2024-12-19,26884,7189236,Region_IV_A,88.41
2024-12-20,24046,7213282,Region_VII,97.04
2024-12-21,21002,7234284,Region_IV_A,92.9
2024-12-22,22889,7257173,Region_III,87.4
2024-12-23,25331,7282504,NCR,93.45
2024-12-24,28831,7311335,Region_XI,99.5
2024-12-25,28157,7339492,Region_XI,87.18
2024-12-26,27909,7367401,NCR,96.84
2024-12-27,26118,7393519,NCR,88.01
2024-12-28,22284,7415803,Region_III,96.34
2024-12-29,23603,7439406,Region_IV_A,95.65
2024-12-30,26715,7466121,Region_XI,89.36
2024-12-31,28172,7494293,Region_III,89.72
2025-01-01,29628,7523921,Region_IV_A,96.49
2025-01-02,27510,7551431,Region_III,91.69
2025-01-03,24605,7576036,Region_XI,95.6
2025-01-04,21697,7597733,NCR,87.15
2025-01-05,23359,7621092,NCR,97.36
2025-01-06,26694,7647786,Region_IV_A,95.31
2025-01-07,30604,7678390,Region_VII,98.15
2025-01-08,30719,7709109,Region_IV_A,86.92
2025-01-09,30288,7739397,Region_VII,93.6
2025-01-10,23776,7763173,Region_III,93.69
2025-01-11,23880,7787053,Region_III,90.13
2025-01-12,23759,7810812,Region_XI,91.65
2025-01-13,28933,7839745,Region_VII,85.55
2025-01-14,28102,7867847,Region_XI,95.81
2025-01-15,28770,7896617,NCR,92.97
2025-01-16,27195,7923812,Region_VII,85.84
2025-01-17,22358,7946170,Region_IV_A,94.87
2025-01-18,22412,7968582,NCR,91.77
2025-01-19,22838,7991420,NCR,85.5
2025-01-20,26695,8018115,Region_IV_A,99.06
2025-01-21,29691,8047806,NCR,98.76
2025-01-22,32238,8080044,Region_VII,92.44
2025-01-23,29264,8109308,Region_XI,86.36
2025-01-24,24424,8133732,NCR,95.94
2025-01-25,22174,8155906,Region_VII,92.13
2025-01-26,24548,8180454,Region_III,89.39
2025-01-27,25140,8205594,Region_VII,92.13
2025-01-28,31688,8237282,Region_XI,92.58
2025-01-29,31612,8268894,Region_VII,93.16
2025-01-30,27770,8296664,Region_IV_A,91.4
2025-01-31,23270,8319934,Region_XI,93.78
2025-02-01,25086,8345020,Region_III,98.32
2025-02-02,24030,8369050,Region_IV_A,90.25
2025-02-03,28419,8397469,Region_VII,95.52
2025-02-04,27787,8425256,Region_XI,97.97
2025-02-05,29687,8454943,Region_III,91.61
2025-02-06,28548,8483491,Region_IV_A,91.43
2025-02-07,25591,8509082,Region_III,93.73
2025-02-08,23131,8532213,Region_VII,93.58
2025-02-09,25124,8557337,Region_III,96.7
2025-02-10,25862,8583199,NCR,91.91
2025-02-11,29739,8612938,Region_IV_A,99.44
2025-02-12,30759,8643697,Region_III,85.86
2025-02-13,29369,8673066,Region_VII,85.05
2025-02-14,26598,8699664,Region_VII,94.28
2025-02-15,22531,8722195,Region_III,89.33
2025-02-16,22745,8744940,Region_VII,88.49
2025-02-17,28886,8773826,Region_XI,89.52
2025-02-18,30518,8804344,Region_XI,88.71
2025-02-19,29926,8834270,Region_XI,85.45
2025-02-20,30822,8865092,NCR,99.09
2025-02-21,26092,8891184,Region_III,88.2
2025-02-22,25505,8916689,NCR,95.64
2025-02-23,24877,8941566,Region_VII,96.06
2025-02-24,30035,8971601,NCR,98.47
2025-02-25,32435,9004036,Region_VII,85.44
2025-02-26,30735,9034771,Region_VII,97.64
2025-02-27,30336,9065107,Region_IV_A,92.64
2025-02-28,26937,9092044,Region_XI,94.17
2025-03-01,25941,9117985,Region_VII,94.34
2025-03-02,23847,9141832,Region_IV_A,96.89
2025-03-03,28594,9170426,Region_XI,89.83
2025-03-04,31808,9202234,Region_VII,95.63
2025-03-05,29133,9231367,Region_VII,92.66
2025-03-06,27960,9259327,NCR,96.5
2025-03-07,23925,9283252,NCR,99.36
2025-03-08,24185,9307437,Region_XI,87.91
2025-03-09,26075,9333512,Region_VII,99.42
2025-03-10,29783,9363295,Region_III,86.3
2025-03-11,30836,9394131,NCR,85.03
2025-03-12,33407,9427538,Region_XI,85.64
2025-03-13,27933,9455471,Region_VII,89.96
2025-03-14,24538,9480009,Region_VII,94.18
2025-03-15,24651,9504660,Region_III,86.0
2025-03-16,25884,9530544,Region_XI,85.08
2025-03-17,28151,9558695,Region_VII,98.59
2025-03-18,28475,9587170,NCR,96.92
2025-03-19,31555,9618725,Region_III,96.73
2025-03-20,28233,9646958,Region_XI,97.82
2025-03-21,27595,9674553,Region_III,95.15
2025-03-22,25367,9699920,NCR,86.51
2025-03-23,24505,9724425,Region_XI,90.79
2025-03-24,27783,9752208,Region_III,95.49
2025-03-25,29895,9782103,Region_IV_A,89.06
2025-03-26,31796,9813899,NCR,94.97
2025-03-27,31154,9845053,NCR,85.36
2025-03-28,25817,9870870,NCR,89.44
2025-03-29,25741,9896611,Region_IV_A,92.96
2025-03-30,25206,9921817,Region_IV_A,94.17
2025-03-31,27657,9949474,Region_VII,93.37
2025-04-01,31247,9980721,Region_III,95.12
2025-04-02,30838,10011559,Region_VII,85.09
2025-04-03,29553,10041112,Region_III,86.46
2025-04-04,25772,10066884,Region_IV_A,97.6
2025-04-05,27704,10094588,Region_IV_A,94.89
2025-04-06,26094,10120682,Region_VII,86.64
2025-04-07,27978,10148660,Region_XI,97.21
2025-04-08,31841,10180501,Region_VII,88.51
2025-04-09,32155,10212656,Region_III,91.93
2025-04-10,30161,10242817,Region_VII,87.11
2025-04-11,28156,10270973,NCR,95.3
2025-04-12,26464,10297437,Region_III,94.67
2025-04-13,25624,10323061,Region_III,88.06
2025-04-14,28336,10351397,Region_XI,97.52
2025-04-15,31464,10382861,Region_IV_A,90.82
2025-04-16,29737,10412598,Region_III,89.24
2025-04-17,28818,10441416,Region_IV_A,87.21
2025-04-18,29269,10470685,Region_VII,88.86
2025-04-19,27739,10498424,NCR,85.32
2025-04-20,26172,10524596,Region_XI,93.46
2025-04-21,29929,10554525,Region_IV_A,97.21
2025-04-22,32377,10586902,Region_III,92.96
2025-04-23,36404,10623306,Region_IV_A,88.18
2025-04-24,32189,10655495,Region_III,85.49
2025-04-25,27684,10683179,Region_IV_A,88.11
2025-04-26,24827,10708006,Region_III,91.03
2025-04-27,24752,10732758,Region_VII,96.01
2025-04-28,29690,10762448,Region_III,87.72
2025-04-29,31305,10793753,Region_III,95.44
2025-04-30,31212,10824965,NCR,97.57
2025-05-01,30279,10855244,Region_III,91.58
2025-05-02,26749,10881993,NCR,96.91
2025-05-03,28208,10910201,Region_XI,93.04
2025-05-04,27947,10938148,NCR,94.24
2025-05-05,29646,10967794,Region_VII,92.63
2025-05-06,34198,11001992,NCR,91.72
2025-05-07,33220,11035212,Region_XI,88.4
2025-05-08,30230,11065442,Region_VII,89.4
2025-05-09,30084,11095526,Region_IV_A,89.2
2025-05-10,27040,11122566,Region_IV_A,93.17
2025-05-11,25854,11148420,NCR,86.74
2025-05-12,29636,11178056,NCR,98.29
2025-05-13,31580,11209636,Region_XI,95.45
2025-05-14,31678,11241314,Region_XI,90.82
2025-05-15,32585,11273899,Region_III,87.3
2025-05-16,30757,11304656,Region_XI,97.79
2025-05-17,24924,11329580,Region_III,96.94
2025-05-18,27984,11357564,Region_VII,95.46
2025-05-19,29294,11386858,NCR,88.94
2025-05-20,32256,11419114,Region_VII,90.84
2025-05-21,32835,11451949,Region_XI,86.49
2025-05-22,30646,11482595,Region_VII,87.74
2025-05-23,28734,11511329,Region_VII,96.35
2025-05-24,25814,11537143,Region_VII,95.37
2025-05-25,27842,11564985,Region_XI,93.61
2025-05-26,30223,11595208,Region_VII,97.99
2025-05-27,32763,11627971,Region_III,93.46
2025-05-28,32667,11660638,Region_XI,91.77
2025-05-29,31200,11691838,Region_VII,89.94
2025-05-30,29791,11721629,Region_XI,98.64
2025-05-31,27622,11749251,Region_IV_A,86.2
2025-06-01,26554,11775805,Region_III,98.5
2025-06-02,30612,11806417,Region_VII,96.99
2025-06-03,34161,11840578,Region_IV_A,86.88
2025-06-04,31962,11872540,Region_IV_A,93.19
2025-06-05,32753,11905293,Region_XI,97.56
2025-06-06,28299,11933592,Region_IV_A,93.29
2025-06-07,27915,11961507,Region_III,98.15
2025-06-08,27020,11988527,Region_III,98.67
2025-06-09,28537,12017064,NCR,91.12
2025-06-10,31516,12048580,Region_III,90.47
2025-06-11,34232,12082812,Region_IV_A,98.58
2025-06-12,32622,12115434,Region_III,94.79
2025-06-13,28218,12143652,Region_XI,86.68
2025-06-14,28206,12171858,NCR,85.61
2025-06-15,26152,12198010,Region_IV_A,93.19
2025-06-16,30832,12228842,NCR,98.49
2025-06-17,32225,12261067,Region_IV_A,97.24
2025-06-18,33602,12294669,Region_XI,94.8
2025-06-19,32577,12327246,NCR,87.02
2025-06-20,28480,12355726,Region_VII,88.69
2025-06-21,27188,12382914,Region_IV_A,97.69
2025-06-22,29562,12412476,Region_VII,87.65
2025-06-23,30429,12442905,NCR,89.04
2025-06-24,34890,12477795,Region_VII,86.88
2025-06-25,33238,12511033,Region_VII,94.8
2025-06-26,33365,12544398,NCR,98.69
2025-06-27,31452,12575850,Region_XI,88.9
2025-06-28,24892,12600742,Region_VII,91.89
2025-06-29,27608,12628350,Region_VII,94.2
2025-06-30,32023,12660373,Region_XI,99.49
2025-07-01,33853,12694226,Region_VII,86.52
2025-07-02,35248,12729474,Region_VII,92.23
2025-07-03,32214,12761688,Region_VII,90.58
2025-07-04,30035,12791723,Region_III,97.55
2025-07-05,27881,12819604,Region_XI,91.9
2025-07-06,30175,12849779,Region_VII,86.61
2025-07-07,31845,12881624,Region_XI,94.2
2025-07-08,34711,12916335,Region_IV_A,96.18
2025-07-09,34518,12950853,Region_IV_A,85.04
2025-07-10,32563,12983416,Region_VII,97.45
2025-07-11,29622,13013038,Region_XI,87.7
2025-07-12,28751,13041789,Region_XI,93.01
2025-07-13,28478,13070267,Region_XI,91.03
2025-07-14,32097,13102364,Region_III,95.43
2025-07-15,37006,13139370,Region_IV_A,90.38
2025-07-16,36267,13175637,Region_XI,97.61
2025-07-17,32966,13208603,Region_XI,95.59
2025-07-18,31792,13240395,Region_III,94.39
2025-07-19,27997,13268392,Region_III,96.55
2025-07-20,26747,13295139,Region_XI,95.93
2025-07-21,30749,13325888,NCR,85.52
2025-07-22,32480,13358368,Region_XI,90.72
2025-07-23,35009,13393377,Region_XI,98.5
2025-07-24,33589,13426966,Region_III,86.82
2025-07-25,32571,13459537,Region_III,95.69
2025-07-26,29088,13488625,Region_XI,99.13
2025-07-27,29139,13517764,Region_XI,85.76
2025-07-28,33163,13550927,Region_XI,94.89
2025-07-29,32281,13583208,Region_III,91.79
2025-07-30,35923,13619131,Region_XI,93.4
2025-07-31,34701,13653832,Region_XI,86.24
2025-08-01,28995,13682827,Region_VII,85.62
2025-08-02,30278,13713105,NCR,94.67
2025-08-03,30017,13743122,Region_IV_A,96.94
2025-08-04,31879,13775001,NCR,96.34
2025-08-05,35903,13810904,Region_VII,92.89
2025-08-06,38574,13849478,Region_IV_A,86.45
2025-08-07,34204,13883682,Region_XI,94.98
2025-08-08,31276,13914958,Region_VII,88.51
2025-08-09,28563,13943521,Region_XI,98.21
2025-08-10,28801,13972322,Region_III,97.15
2025-08-11,33583,14005905,Region_VII,95.29
2025-08-12,34326,14040231,Region_III,98.76
2025-08-13,36145,14076376,Region_VII,85.46
2025-08-14,33622,14109998,Region_VII,95.67
2025-08-15,31763,14141761,Region_III,89.79
2025-08-16,29724,14171485,Region_IV_A,98.14
2025-08-17,31275,14202760,NCR,88.87
2025-08-18,32184,14234944,Region_XI,95.51
2025-08-19,35239,14270183,Region_VII,97.73
2025-08-20,35094,14305277,Region_XI,85.6
2025-08-21,33871,14339148,Region_III,90.77
2025-08-22,31850,14370998,Region_XI,96.05
2025-08-23,30442,14401440,Region_III,91.6
2025-08-24,29133,14430573,Region_XI,88.88
2025-08-25,34049,14464622,NCR,88.19
2025-08-26,37399,14502021,NCR,86.91
2025-08-27,36974,14538995,NCR,97.43
2025-08-28,36866,14575861,NCR,93.34
2025-08-29,30678,14606539,NCR,86.11
2025-08-30,28249,14634788,NCR,90.55
2025-08-31,28314,14663102,Region_III,90.33
2025-09-01,35010,14698112,Region_VII,87.64
2025-09-02,36766,14734878,Region_XI,91.31
2025-09-03,36620,14771498,NCR,89.82
2025-09-04,35159,14806657,Region_III,89.96
2025-09-05,30465,14837122,Region_III,95.72
2025-09-06,32887,14870009,Region_III,88.24
2025-09-07,30813,14900822,Region_VII,94.31
2025-09-08,33555,14934377,Region_XI,93.27
2025-09-09,37061,14971438,Region_VII,93.24
2025-09-10,37474,15008912,Region_IV_A,94.61
2025-09-11,35301,15044213,Region_III,92.95
2025-09-12,31077,15075290,Region_IV_A,97.75
2025-09-13,30727,15106017,NCR,94.8
2025-09-14,33126,15139143,NCR,92.93
2025-09-15,35248,15174391,Region_VII,97.03
2025-09-16,38312,15212703,Region_XI,93.79
2025-09-17,36492,15249195,Region_IV_A,89.22
2025-09-18,34054,15283249,Region_XI,88.0
2025-09-19,32084,15315333,Region_VII,87.21
2025-09-20,30438,15345771,NCR,98.04
2025-09-21,32390,15378161,Region_XI,95.3
2025-09-22,31812,15409973,Region_XI,98.59
2025-09-23,38445,15448418,NCR,93.75
2025-09-24,37125,15485543,Region_IV_A,91.86
2025-09-25,34939,15520482,NCR,85.87
2025-09-26,31229,15551711,Region_XI,94.74
2025-09-27,28594,15580305,Region_IV_A,93.44
2025-09-28,32274,15612579,Region_IV_A,99.36
2025-09-29,34140,15646719,NCR,88.47
2025-09-30,35271,15681990,Region_XI,92.7
2025-10-01,35970,15717960,Region_VII,94.44
2025-10-02,35258,15753218,Region_XI,94.35
2025-10-03,34656,15787874,Region_III,93.14
2025-10-04,30478,15818352,Region_VII,96.27
2025-10-05,29692,15848044,Region_IV_A,87.97
2025-10-06,33967,15882011,Region_VII,95.52
2025-10-07,36701,15918712,Region_IV_A,93.99
2025-10-08,34498,15953210,Region_IV_A,97.99
2025-10-09,35805,15989015,Region_VII,97.28
2025-10-10,32586,16021601,Region_IV_A,89.57
2025-10-11,31834,16053435,Region_IV_A,89.01
2025-10-12,33924,16087359,Region_III,99.23
2025-10-13,35823,16123182,Region_XI,92.65
2025-10-14,36915,16160097,Region_XI,98.14
2025-10-15,36615,16196712,Region_III,87.38
2025-10-16,39167,16235879,Region_VII,94.32
2025-10-17,33143,16269022,NCR,96.74
2025-10-18,31225,16300247,NCR,98.74
2025-10-19,31885,16332132,NCR,89.89
2025-10-20,34918,16367050,Region_III,95.51
2025-10-21,37274,16404324,Region_III,92.81
2025-10-22,37464,16441788,Region_IV_A,85.88
2025-10-23,35633,16477421,NCR,95.0
2025-10-24,33242,16510663,Region_VII,95.01
2025-10-25,30766,16541429,Region_VII,98.49
2025-10-26,31268,16572697,NCR,92.21
2025-10-27,35018,16607715,NCR,88.34
2025-10-28,37350,16645065,NCR,85.65
2025-10-29,40167,16685232,Region_III,91.03
2025-10-30,33317,16718549,Region_III,89.38
2025-10-31,34801,16753350,Region_III,96.04
2025-11-01,33122,16786472,Region_XI,90.14
2025-11-02,29845,16816317,Region_VII,98.76
2025-11-03,34688,16851005,Region_VII,98.95
2025-11-04,37420,16888425,Region_IV_A,94.0
2025-11-05,36882,16925307,Region_III,98.47
2025-11-06,35774,16961081,Region_XI,96.03
2025-11-07,32368,16993449,Region_XI,92.93
2025-11-08,33939,17027388,Region_VII,87.61
2025-11-09,33665,17061053,Region_III,91.65
2025-11-10,36834,17097887,Region_IV_A,93.13
2025-11-11,38941,17136828,Region_III,97.53
2025-11-12,37426,17174254,NCR,91.98
2025-11-13,36287,17210541,Region_III,98.02
2025-11-14,34497,17245038,NCR,94.78
2025-11-15,30579,17275617,NCR,86.99
2025-11-16,33607,17309224,Region_IV_A,99.43
2025-11-17,35230,17344454,Region_VII,92.64
2025-11-18,37834,17382288,Region_III,90.68
2025-11-19,39843,17422131,NCR,94.56
2025-11-20,37659,17459790,Region_III,86.58
2025-11-21,33686,17493476,Region_VII,94.23
2025-11-22,33646,17527122,Region_VII,92.22
2025-11-23,31664,17558786,Region_XI,90.9
2025-11-24,36466,17595252,Region_VII,98.82
2025-11-25,39205,17634457,Region_IV_A,92.58
2025-11-26,38828,17673285,NCR,88.18
2025-11-27,37727,17711012,Region_XI,91.65
2025-11-28,32827,17743839,Region_IV_A,98.33
2025-11-29,33573,17777412,Region_III,87.55
2025-11-30,32948,17810360,NCR,88.1
2025-12-01,35309,17845669,Region_VII,85.19
2025-12-02,39962,17885631,NCR,85.21
2025-12-03,38564,17924195,Region_III,97.03
2025-12-04,35855,17960050,Region_XI,95.62
2025-12-05,32670,17992720,Region_XI,90.15
2025-12-06,33401,18026121,Region_XI,95.13
2025-12-07,31843,18057964,Region_VII,90.73
2025-12-08,38252,18096216,Region_IV_A,98.82
2025-12-09,36414,18132630,Region_IV_A,99.02
2025-12-10,41654,18174284,NCR,90.7
2025-12-11,38008,18212292,Region_VII,97.39
2025-12-12,34631,18246923,Region_XI,96.21
2025-12-13,32229,18279152,Region_XI,89.49
2025-12-14,34068,18313220,Region_III,88.36
2025-12-15,36310,18349530,Region_III,91.64
2025-12-16,40446,18389976,Region_XI,96.33
2025-12-17,39965,18429941,Region_XI,98.92
2025-12-18,38144,18468085,Region_VII,96.07
2025-12-19,34520,18502605,Region_IV_A,97.4
2025-12-20,33024,18535629,Region_III,93.74
2025-12-21,34168,18569797,Region_IV_A,97.11
2025-12-22,34513,18604310,Region_VII,96.37
2025-12-23,37713,18642023,Region_XI,90.47
2025-12-24,40929,18682952,Region_IV_A,93.0
2025-12-25,38378,18721330,Region_XI,96.67
2025-12-26,34945,18756275,Region_XI,85.67
2025-12-27,33324,18789599,NCR,96.72
2025-12-28,34425,18824024,Region_IV_A,87.58
2025-12-29,36126,18860150,Region_IV_A,92.46
2025-12-30,38607,18898757,Region_XI,96.72
2025-12-31,40481,18939238,Region_VII,88.68
2026-01-01,37208,18976446,NCR,88.56
2026-01-02,35865,19012311,Region_XI,90.84
2026-01-03,31468,19043779,Region_III,97.97
2026-01-04,35452,19079231,Region_III,85.01
2026-01-05,37551,19116782,NCR,98.07
2026-01-06,40057,19156839,Region_VII,87.23
2026-01-07,41635,19198474,Region_XI,99.36
2026-01-08,40590,19239064,Region_IV_A,98.85
2026-01-09,36802,19275866,NCR,92.17
2026-01-10,31512,19307378,Region_VII,92.43
2026-01-11,32891,19340269,Region_IV_A,91.98
2026-01-12,36443,19376712,Region_III,94.21
2026-01-13,39991,19416703,Region_III,86.32
2026-01-14,41286,19457989,Region_IV_A,85.47
2026-01-15,37930,19495919,NCR,85.84
2026-01-16,36018,19531937,Region_III,91.44
2026-01-17,33024,19564961,Region_XI,89.0
2026-01-18,33902,19598863,Region_IV_A,94.02
2026-01-19,35714,19634577,Region_IV_A,99.39
2026-01-20,39061,19673638,Region_III,90.6
2026-01-21,39252,19712890,NCR,93.32
2026-01-22,37840,19750730,Region_XI,91.03
2026-01-23,37268,19787998,NCR,97.29
2026-01-24,33000,19820998,Region_VII,98.08
2026-01-25,38004,19859002,Region_VII,97.72
2026-01-26,38204,19897206,Region_III,99.13
2026-01-27,40600,19937806,Region_III,85.4
2026-01-28,40054,19977860,Region_III,97.18
2026-01-29,40060,20017920,Region_VII,95.9
2026-01-30,35522,20053442,NCR,88.32
2026-01-31,34495,20087937,NCR,98.87
2026-02-01,38127,20126064,Region_III,87.15
2026-02-02,37706,20163770,Region_XI,94.85
2026-02-03,41966,20205736,NCR,88.26
2026-02-04,40449,20246185,Region_VII,91.26
2026-02-05,39387,20285572,Region_IV_A,95.43
2026-02-06,38547,20324119,Region_IV_A,93.17
2026-02-07,33806,20357925,Region_IV_A,91.2
2026-02-08,37439,20395364,Region_XI,89.73
2026-02-09,38880,20434244,Region_III,97.18
2026-02-10,40122,20474366,Region_VII,87.09
2026-02-11,42261,20516627,Region_XI,91.24
2026-02-12,40806,20557433,Region_VII,98.1
2026-02-13,37378,20594811,Region_VII,97.26
2026-02-14,32883,20627694,Region_III,90.81
2026-02-15,34601,20662295,Region_IV_A,96.07
2026-02-16,37943,20700238,Region_III,96.94
2026-02-17,40917,20741155,Region_XI,97.89
2026-02-18,42457,20783612,Region_XI,92.9
2026-02-19,40061,20823673,Region_XI,87.96
2026-02-20,35238,20858911,Region_III,88.7
2026-02-21,35433,20894344,Region_VII,89.29
2026-02-22,36416,20930760,Region_VII,93.61
2026-02-23,39121,20969881,NCR,85.48
2026-02-24,42512,21012393,Region_XI,94.22
2026-02-25,42922,21055315,Region_VII,90.28
2026-02-26,40608,21095923,NCR,89.28
2026-02-27,36966,21132889,Region_VII,97.75
2026-02-28,33193,21166082,Region_XI,91.67
2026-03-01,36408,21202490,Region_IV_A,86.38
2026-03-02,38908,21241398,Region_XI,96.99
2026-03-03,41751,21283149,Region_III,85.69
2026-03-04,40598,21323747,Region_VII,95.54
2026-03-05,38970,21362717,Region_VII,96.22
2026-03-06,38523,21401240,Region_III,90.11
2026-03-07,35348,21436588,Region_III,96.96
2026-03-08,36919,21473507,Region_IV_A,92.48
2026-03-09,38902,21512409,Region_VII,91.72
2026-03-10,41670,21554079,Region_VII,85.66
2026-03-11,43466,21597545,Region_IV_A,89.21
2026-03-12,39857,21637402,NCR,98.5
2026-03-13,37584,21674986,Region_IV_A,90.68
2026-03-14,35050,21710036,Region_XI,92.93
2026-03-15,35790,21745826,Region_VII,92.71
2026-03-16,38706,21784532,Region_III,93.56
2026-03-17,42110,21826642,Region_XI,85.89
2026-03-18,41975,21868617,Region_VII,90.25
2026-03-19,42192,21910809,Region_IV_A,95.49
2026-03-20,36605,21947414,Region_XI,87.91
2026-03-21,35590,21983004,Region_VII,87.95
2026-03-22,35993,22018997,NCR,85.15
2026-03-23,41023,22060020,NCR,91.34
2026-03-24,42289,22102309,Region_III,97.8
2026-03-25,43997,22146306,Region_VII,85.75
2026-03-26,39112,22185418,NCR,87.77
2026-03-27,38208,22223626,Region_IV_A,89.5
2026-03-28,37091,22260717,Region_VII,95.61
2026-03-29,36828,22297545,Region_IV_A,94.29
2026-03-30,40775,22338320,Region_IV_A,91.03
2026-03-31,41642,22379962,NCR,96.01
2026-04-01,44659,22424621,Region_VII,93.84
2026-04-02,43863,22468484,Region_XI,97.99
2026-04-03,37662,22506146,NCR,96.86
2026-04-04,35699,22541845,NCR,88.67
2026-04-05,38683,22580528,Region_VII,88.94
2026-04-06,41601,22622129,Region_VII,86.82
2026-04-07,41844,22663973,Region_IV_A,89.89
2026-04-08,42673,22706646,Region_VII,99.49
2026-04-09,40976,22747622,Region_IV_A,90.88
2026-04-10,36693,22784315,NCR,88.2
2026-04-11,35340,22819655,Region_III,96.06
2026-04-12,35943,22855598,Region_XI,92.87
2026-04-13,38993,22894591,NCR,87.17
2026-04-14,42639,22937230,Region_VII,90.52
2026-04-15,43668,22980898,Region_XI,91.01
2026-04-16,43384,23024282,Region_III,95.93
2026-04-17,37318,23061600,Region_III,85.3
2026-04-18,37833,23099433,Region_IV_A,88.9
2026-04-19,37101,23136534,Region_XI,92.51
2026-04-20,40065,23176599,Region_IV_A,88.9
2026-04-21,43700,23220299,NCR,94.11
2026-04-22,42249,23262548,Region_XI,91.99
2026-04-23,42191,23304739,NCR,90.24
2026-04-24,38925,23343664,Region_IV_A,98.76
2026-04-25,37452,23381116,Region_XI,94.17
2026-04-26,37914,23419030,Region_IV_A,86.88
2026-04-27,43280,23462310,Region_XI,93.12
2026-04-28,42335,23504645,Region_IV_A,96.32
2026-04-29,43168,23547813,Region_III,95.27
2026-04-30,41194,23589007,Region_IV_A,87.5
2026-05-01,38268,23627275,Region_III,99.1
2026-05-02,36306,23663581,Region_IV_A,91.51
2026-05-03,39203,23702784,Region_XI,87.31
2026-05-04,42247,23745031,Region_XI,87.61
2026-05-05,42624,23787655,Region_XI,86.42
2026-05-06,43016,23830671,Region_VII,96.65
2026-05-07,42717,23873388,NCR,86.77
2026-05-08,38481,23911869,Region_XI,86.81
2026-05-09,38040,23949909,Region_III,97.33
2026-05-10,38229,23988138,Region_XI,90.0
2026-05-11,38933,24027071,Region_VII,85.45
2026-05-12,45376,24072447,Region_III,85.75
2026-05-13,46379,24118826,Region_VII,87.06
2026-05-14,41625,24160451,Region_III,88.09
2026-05-15,38888,24199339,Region_IV_A,94.64
2026-05-16,37833,24237172,NCR,87.28
2026-05-17,38597,24275769,NCR,86.72
2026-05-18,41752,24317521,Region_VII,96.09
2026-05-19,46140,24363661,NCR,94.73
2026-05-20,44221,24407882,Region_VII,91.31
2026-05-21,41612,24449494,Region_VII,92.96
2026-05-22,37907,24487401,Region_VII,89.52
2026-05-23,36822,24524223,NCR,92.0
2026-05-24,38365,24562588,Region_VII,92.35
2026-05-25,43324,24605912,NCR,90.61
2026-05-26,43316,24649228,Region_VII,98.15
2026-05-27,44912,24694140,Region_XI,85.23
2026-05-28,42760,24736900,Region_VII,96.34
2026-05-29,41198,24778098,Region_III,86.8
2026-05-30,40941,24819039,Region_VII,96.56
2026-05-31,37977,24857016,Region_IV_A,93.93
2026-06-01,40793,24897809,Region_VII,97.23
2026-06-02,45400,24943209,Region_III,86.41
2026-06-03,45671,24988880,Region_III,93.11
2026-06-04,45205,25034085,NCR,92.27
2026-06-05,40682,25074767,Region_XI,95.24
2026-06-06,37687,25112454,Region_VII,92.75
2026-06-07,39532,25151986,NCR,92.84
2026-06-08,42920,25194906,Region_XI,91.23
2026-06-09,45341,25240247,Region_VII,89.48
2026-06-10,45671,25285918,Region_IV_A,91.99
2026-06-11,44478,25330396,Region_VII,86.72
2026-06-12,41594,25371990,Region_III,98.94
2026-06-13,39986,25411976,Region_III,95.36
2026-06-14,39811,25451787,Region_IV_A,98.81
2026-06-15,41599,25493386,NCR,88.29
2026-06-16,44741,25538127,Region_XI,97.75
2026-06-17,46719,25584846,Region_VII,96.73
2026-06-18,42427,25627273,Region_III,94.82
2026-06-19,40843,25668116,NCR,94.06
2026-06-20,38064,25706180,Region_IV_A,89.59
2026-06-21,39277,25745457,Region_III,96.84
2026-06-22,43543,25789000,Region_IV_A,92.27
2026-06-23,45004,25834004,Region_VII,86.03
2026-06-24,45536,25879540,Region_XI,89.54
2026-06-25,41985,25921525,Region_III,98.56
2026-06-26,41505,25963030,Region_III,97.33
2026-06-27,39520,26002550,Region_VII,99.24
2026-06-28,42047,26044597,NCR,94.11
2026-06-29,41849,26086446,Region_XI,88.59
2026-06-30,45247,26131693,Region_III,87.36
2026-07-01,45989,26177682,Region_XI,87.71
2026-07-02,45719,26223401,Region_III,85.29
2026-07-03,40705,26264106,Region_XI,90.66
2026-07-04,39290,26303396,Region_IV_A,87.78
2026-07-05,40390,26343786,Region_III,90.97
2026-07-06,42651,26386437,Region_XI,98.56
2026-07-07,44658,26431095,NCR,91.24
2026-07-08,46132,26477227,Region_IV_A,97.73
2026-07-09,45324,26522551,Region_IV_A,93.78
2026-07-10,39796,26562347,NCR,88.58
2026-07-11,39324,26601671,Region_XI,90.16
2026-07-12,39030,26640701,Region_VII,86.22
2026-07-13,44071,26684772,NCR,89.84
2026-07-14,43575,26728347,Region_XI,94.82
2026-07-15,45438,26773785,NCR,86.05
2026-07-16,44698,26818483,NCR,87.98
2026-07-17,43116,26861599,Region_III,90.53
2026-07-18,39295,26900894,Region_XI,99.24
2026-07-19,39413,26940307,Region_VII,96.38
2026-07-20,45103,26985410,Region_III,95.64
2026-07-21,43875,27029285,NCR,86.68
2026-07-22,43679,27072964,NCR,96.32
2026-07-23,44982,27117946,NCR,96.39
2026-07-24,40845,27158791,Region_XI,93.72
2026-07-25,38358,27197149,Region_XI,99.36
2026-07-26,41139,27238288,Region_III,89.72
2026-07-27,43348,27281636,Region_VII,98.65
2026-07-28,45145,27326781,Region_III,98.26
2026-07-29,44991,27371772,Region_IV_A,85.17
2026-07-30,45711,27417483,NCR,91.53
2026-07-31,42437,27459920,NCR,99.17
2026-08-01,39674,27499594,NCR,86.5
2026-08-02,42714,27542308,Region_III,92.94
2026-08-03,41981,27584289,Region_III,99.19
2026-08-04,44200,27628489,NCR,93.05
2026-08-05,45906,27674395,Region_III,87.75
2026-08-06,44818,27719213,Region_XI,93.44
2026-08-07,42158,27761371,Region_XI,87.96
2026-08-08,39713,27801084,Region_III,92.54
2026-08-09,41130,27842214,NCR,86.07
2026-08-10,41972,27884186,Region_III,93.78
2026-08-11,47973,27932159,Region_III,92.49
2026-08-12,46848,27979007,Region_III,95.73
2026-08-13,46423,28025430,Region_IV_A,94.15
2026-08-14,42486,28067916,Region_XI,92.97
2026-08-15,40759,28108675,Region_VII,95.0
2026-08-16,41601,28150276,Region_VII,87.09
2026-08-17,44221,28194497,Region_IV_A,93.63
2026-08-18,47221,28241718,Region_III,87.5
2026-08-19,48750,28290468,Region_IV_A,98.42
2026-08-20,45528,28335996,Region_IV_A,85.99
2026-08-21,43135,28379131,NCR,91.24
2026-08-22,40313,28419444,Region_XI,95.09
2026-08-23,42855,28462299,Region_VII,91.64
2026-08-24,43081,28505380,Region_III,86.34
2026-08-25,48820,28554200,Region_VII,93.02
2026-08-26,47317,28601517,Region_VII,94.3
2026-08-27,43784,28645301,Region_XI,95.2
2026-08-28,42648,28687949,Region_VII,90.41
2026-08-29,39813,28727762,Region_VII,93.17
2026-08-30,42345,28770107,Region_IV_A,91.53
2026-08-31,43319,28813426,Region_XI,94.74
2026-09-01,46333,28859759,NCR,93.46
2026-09-02,45307,28905066,Region_III,92.62
2026-09-03,45168,28950234,Region_VII,88.62
2026-09-04,39795,28990029,Region_III,85.03
2026-09-05,38939,29028968,NCR,87.52
2026-09-06,42458,29071426,Region_III,86.7
2026-09-07,45255,29116681,NCR,91.51
2026-09-08,47588,29164269,Region_IV_A,93.88
2026-09-09,46623,29210892,Region_VII,88.09
2026-09-10,45863,29256755,NCR,98.62
2026-09-11,42908,29299663,Region_III,85.1
2026-09-12,39659,29339322,Region_VII,96.2
2026-09-13,43559,29382881,Region_IV_A,94.07
2026-09-14,45574,29428455,Region_VII,90.42
2026-09-15,47022,29475477,NCR,85.73
2026-09-16,48025,29523502,Region_IV_A,94.1
2026-09-17,46379,29569881,Region_III,90.59
2026-09-18,40672,29610553,Region_IV_A,98.58
2026-09-19,40962,29651515,Region_IV_A,92.86
2026-09-20,41146,29692661,Region_XI,98.62
2026-09-21,43528,29736189,Region_IV_A,88.2
2026-09-22,47159,29783348,Region_IV_A,95.52
2026-09-23,50360,29833708,Region_VII,93.95
2026-09-24,47108,29880816,Region_III,95.72
2026-09-25,42646,29923462,Region_VII,88.11
2026-09-26,42155,29965617,Region_VII,94.64
2026-09-27,43853,30009470,NCR,92.22
2026-09-28,46049,30055519,Region_VII,95.77
2026-09-29,47778,30103297,Region_XI,89.74
2026-09-30,47635,30150932,Region_XI,97.91
